materiality_event_id,sample_key,stable_sample_key,severity_stratum,nct_id,from_version,to_version,submitted_date,category,evidence_record_id,sample_order_hash,stratum_rank
502,critical-001,"NCT01441947|9|10|arm_intervention_change|critical|[""/protocolSection/armsInterventionsModule/armGroups/0/description"",""/protocolSection/conditionsModule/keywords/2"",""/protocolSection/contactsLocationsModule/centralContacts"",""/protocolSection/contactsLocationsModule/locations/0/contacts"",""/protocolSection/contactsLocationsModule/locations/0/status"",""/protocolSection/contactsLocationsModule/locations/1/contacts"",""/protocolSection/contactsLocationsModule/locations/1/status"",""/protocolSection/contactsLocationsModule/locations/2/contacts"",""/protocolSection/contactsLocationsModule/locations/2/status"",""/protocolSection/contactsLocationsModule/locations/3/status"",""/protocolSection/descriptionModule/detailedDescription"",""/protocolSection/designModule/enrollmentInfo/count"",""/protocolSection/designModule/enrollmentInfo/type"",""/protocolSection/eligibilityModule/eligibilityCriteria"",""/protocolSection/outcomesModule/secondaryOutcomes/5/measure"",""/protocolSection/statusModule/lastUpdatePostDateStruct/date"",""/protocolSection/statusModule/lastUpdatePostDateStruct/type"",""/protocolSection/statusModule/lastUpdateSubmitDate"",""/protocolSection/statusModule/overallStatus"",""/protocolSection/statusModule/statusVerifiedDate""]|b5e15de5f5691d60ef1da728e6d62a0977d7b390f4e85b5b4b09b965feef75f2",critical,NCT01441947,9,10,2017-04-13,arm_intervention_change,evt_NCT01441947_v9_v10_9d5358cb53af,01e6865002075bbfe57cf79f8f57b7a728d56e501790c9b7bbcc6c7c2960b3ce,1
549,critical-002,"NCT03197935|37|38|primary_outcome_change|critical|[""/annotationSection"",""/protocolSection/outcomesModule/primaryOutcomes/0/description"",""/protocolSection/outcomesModule/primaryOutcomes/0/reviewUnit"",""/protocolSection/outcomesModule/primaryOutcomes/0/timeFrame"",""/protocolSection/outcomesModule/primaryOutcomes/1/description"",""/protocolSection/outcomesModule/primaryOutcomes/1/reviewUnit"",""/protocolSection/outcomesModule/primaryOutcomes/1/timeFrame"",""/protocolSection/statusModule/lastUpdatePostDateStruct/date"",""/protocolSection/statusModule/lastUpdateSubmitDate"",""/protocolSection/statusModule/resultsFirstPostDateStruct"",""/protocolSection/statusModule/resultsFirstSubmitQcDate"",""/protocolSection/statusModule/statusVerifiedDate"",""/resultsSection/outcomeMeasuresModule/outcomeMeasures/0/description"",""/resultsSection/outcomeMeasuresModule/outcomeMeasures/0/reviewUnit"",""/resultsSection/outcomeMeasuresModule/outcomeMeasures/0/timeFrame"",""/resultsSection/outcomeMeasuresModule/outcomeMeasures/0/unitOfMeasure"",""/resultsSection/outcomeMeasuresModule/outcomeMeasures/1/description"",""/resultsSection/outcomeMeasuresModule/outcomeMeasures/1/reviewUnit"",""/resultsSection/outcomeMeasuresModule/outcomeMeasures/1/timeFrame"",""/resultsSection/outcomeMeasuresModule/outcomeMeasures/1/unitOfMeasure""]|2d198fdb792ab5b51bfdc247f39e71f42eaaeb1735ff3b3095f67c35ffd0076d",critical,NCT03197935,37,38,2021-05-07,primary_outcome_change,evt_NCT03197935_v37_v38_3d28b41dba94,1305debf2ea12b20319368ef7039990ca702be7fb114d36f8db3e4413852310d,2
526,critical-003,"NCT02755272|16|17|timeline_major_slip|critical|[""/protocolSection/statusModule/completionDateStruct/date"",""/protocolSection/statusModule/lastUpdatePostDateStruct/date"",""/protocolSection/statusModule/lastUpdateSubmitDate"",""/protocolSection/statusModule/primaryCompletionDateStruct/date"",""/protocolSection/statusModule/statusVerifiedDate""]|cd4216e22d458a780870a7f520515fa36b1fdc92edfc0550b919e585433164d7",critical,NCT02755272,16,17,2024-06-03,timeline_major_slip,evt_NCT02755272_v16_v17_ec1f3828d39b,1e82b41ee6c93026359c29e119ce482365b13afd5f33a27b29f5b88ad454f95d,3
576,critical-004,"NCT04722718|2|3|primary_outcome_change|critical|[""/protocolSection/armsInterventionsModule/armGroups/0/description"",""/protocolSection/armsInterventionsModule/armGroups/0/interventionNames/0"",""/protocolSection/armsInterventionsModule/armGroups/0/label"",""/protocolSection/armsInterventionsModule/interventions/0/armGroupLabels/0"",""/protocolSection/armsInterventionsModule/interventions/0/description"",""/protocolSection/armsInterventionsModule/interventions/0/name"",""/protocolSection/descriptionModule/briefSummary"",""/protocolSection/descriptionModule/detailedDescription"",""/protocolSection/eligibilityModule/eligibilityCriteria"",""/protocolSection/identificationModule/officialTitle"",""/protocolSection/outcomesModule/primaryOutcomes/0/description"",""/protocolSection/outcomesModule/primaryOutcomes/0/timeFrame"",""/protocolSection/outcomesModule/secondaryOutcomes/4/measure"",""/protocolSection/statusModule/lastUpdatePostDateStruct/date"",""/protocolSection/statusModule/lastUpdateSubmitDate"",""/protocolSection/statusModule/statusVerifiedDate""]|e7081120a63edae3e14b75b16b6fd1aaa17a984c4d9f16f4e1572d6f181b764b",critical,NCT04722718,2,3,2021-05-11,primary_outcome_change,evt_NCT04722718_v2_v3_c681348b2451,265014ab3ec0671fd6b373d1d508dcefb951149e1716e9a3cd36f3e54703bf4d,4
507,critical-005,"NCT01441947|15|16|timeline_major_slip|critical|[""/protocolSection/statusModule/completionDateStruct/date"",""/protocolSection/statusModule/lastUpdatePostDateStruct/date"",""/protocolSection/statusModule/lastUpdateSubmitDate"",""/protocolSection/statusModule/statusVerifiedDate""]|8239baa9d882b1e5ccc2e948406e21317809a1a238b1851cae1a687d5d2c1ac8",critical,NCT01441947,15,16,2022-12-21,timeline_major_slip,evt_NCT01441947_v15_v16_51edd1fc761b,286116a77f76c4b37f640c0bfd825dfb0754a8c4f92cc97b66d871adaf3f5b5d,5
500,critical-006,"NCT01441947|7|8|arm_intervention_change|critical|[""/protocolSection/armsInterventionsModule/armGroups"",""/protocolSection/armsInterventionsModule/interventions/0/armGroupLabels"",""/protocolSection/armsInterventionsModule/interventions/0/description"",""/protocolSection/armsInterventionsModule/interventions/0/name"",""/protocolSection/armsInterventionsModule/interventions/1"",""/protocolSection/contactsLocationsModule/centralContacts"",""/protocolSection/contactsLocationsModule/locations/0/contacts"",""/protocolSection/contactsLocationsModule/locations/0/status"",""/protocolSection/contactsLocationsModule/locations/1/contacts"",""/protocolSection/contactsLocationsModule/locations/1/status"",""/protocolSection/contactsLocationsModule/locations/2/contacts"",""/protocolSection/contactsLocationsModule/locations/2/status"",""/protocolSection/contactsLocationsModule/locations/3/status"",""/protocolSection/contactsLocationsModule/overallOfficials/0/name"",""/protocolSection/sponsorCollaboratorsModule/responsibleParty/investigatorFullName"",""/protocolSection/statusModule/completionDateStruct/date"",""/protocolSection/statusModule/lastUpdatePostDateStruct/date"",""/protocolSection/statusModule/lastUpdateSubmitDate"",""/protocolSection/statusModule/overallStatus"",""/protocolSection/statusModule/primaryCompletionDateStruct/date"",""/protocolSection/statusModule/statusVerifiedDate""]|05ac7cea2c5ecd007ebc117b0bcb7642148c3588f521e6b0bd82a4cbc4c65b2e",critical,NCT01441947,7,8,2014-11-10,arm_intervention_change,evt_NCT01441947_v7_v8_f7b4655e907f,4820563c583681d33118b7ad4840103d11d35271daef08afe67323b7eeafb9f4,6
508,critical-007,"NCT01441947|16|17|secondary_outcome_change|critical|[""/annotationSection"",""/protocolSection/outcomesModule/secondaryOutcomes/3"",""/protocolSection/statusModule/lastUpdatePostDateStruct/date"",""/protocolSection/statusModule/lastUpdateSubmitDate"",""/protocolSection/statusModule/statusVerifiedDate""]|2ca25286ae763374d907fbbcc392f65a0bd03d745545c6c839fee04fc1eebb9a",critical,NCT01441947,16,17,2023-01-07,secondary_outcome_change,evt_NCT01441947_v16_v17_1493ccf4a7cd,517046db9b03b369c29d3c4fa0131011c9ff6cf9baa961ad82717a8761a627ef,7
537,critical-008,"NCT02942355|21|22|primary_outcome_change|critical|[""/protocolSection/conditionsModule/conditions/1"",""/protocolSection/outcomesModule/primaryOutcomes/0/description"",""/protocolSection/outcomesModule/primaryOutcomes/0/measure"",""/protocolSection/outcomesModule/primaryOutcomes/0/timeFrame"",""/protocolSection/outcomesModule/secondaryOutcomes"",""/protocolSection/statusModule/lastUpdatePostDateStruct/date"",""/protocolSection/statusModule/lastUpdateSubmitDate"",""/protocolSection/statusModule/statusVerifiedDate""]|ec6dcde9019c671b3b0f08473fe84e8feb848c831410026200bf56de818b2caa",critical,NCT02942355,21,22,2024-04-18,primary_outcome_change,evt_NCT02942355_v21_v22_40c97508de10,53510d25cb4177c275049ead9dff51fc26a3f89fa38a29de57b188ebf60dc679,8
548,critical-009,"NCT03197935|36|37|primary_outcome_change|critical|[""/annotationSection"",""/documentSection"",""/hasResults"",""/protocolSection/armsInterventionsModule/armGroups/0/description"",""/protocolSection/armsInterventionsModule/armGroups/1/description"",""/protocolSection/armsInterventionsModule/interventions/0/description"",""/protocolSection/armsInterventionsModule/interventions/1/description"",""/protocolSection/armsInterventionsModule/interventions/2/description"",""/protocolSection/armsInterventionsModule/interventions/3/description"",""/protocolSection/armsInterventionsModule/interventions/4/description"",""/protocolSection/armsInterventionsModule/interventions/5/description"",""/protocolSection/armsInterventionsModule/interventions/6/description"",""/protocolSection/contactsLocationsModule/locations/2/facility"",""/protocolSection/designModule/enrollmentInfo/count"",""/protocolSection/designModule/enrollmentInfo/type"",""/protocolSection/outcomesModule/primaryOutcomes/0/description"",""/protocolSection/outcomesModule/primaryOutcomes/0/measure"",""/protocolSection/outcomesModule/primaryOutcomes/0/reviewUnit"",""/protocolSection/outcomesModule/primaryOutcomes/0/timeFrame"",""/protocolSection/outcomesModule/primaryOutcomes/1/description"",""/protocolSection/outcomesModule/primaryOutcomes/1/measure"",""/protocolSection/outcomesModule/primaryOutcomes/1/reviewUnit"",""/protocolSection/outcomesModule/primaryOutcomes/1/timeFrame"",""/protocolSection/outcomesModule/secondaryOutcomes/0/description"",""/protocolSection/outcomesModule/secondaryOutcomes/0/timeFrame"",""/protocolSection/outcomesModule/secondaryOutcomes/1/description"",""/protocolSection/outcomesModule/secondaryOutcomes/1/measure"",""/protocolSection/outcomesModule/secondaryOutcomes/1/timeFrame"",""/protocolSection/outcomesModule/secondaryOutcomes/10"",""/protocolSection/outcomesModule/secondaryOutcomes/11"",""/protocolSection/outcomesModule/secondaryOutcomes/2/description"",""/protocolSection/outcomesModule/secondaryOutcomes/2/timeFrame"",""/protocolSection/outcomesModule/secondaryOutcomes/3/description"",""/protocolSection/outcomesModule/secondaryOutcomes/3/measure"",""/protocolSection/outcomesModule/secondaryOutcomes/3/timeFrame"",""/protocolSection/outcomesModule/secondaryOutcomes/4/description"",""/protocolSection/outcomesModule/secondaryOutcomes/4/measure"",""/protocolSection/outcomesModule/secondaryOutcomes/4/timeFrame"",""/protocolSection/outcomesModule/secondaryOutcomes/5/description"",""/protocolSection/outcomesModule/secondaryOutcomes/5/measure"",""/protocolSection/outcomesModule/secondaryOutcomes/5/timeFrame"",""/protocolSection/outcomesModule/secondaryOutcomes/6/description"",""/protocolSection/outcomesModule/secondaryOutcomes/6/measure"",""/protocolSection/outcomesModule/secondaryOutcomes/6/timeFrame"",""/protocolSection/outcomesModule/secondaryOutcomes/7/description"",""/protocolSection/outcomesModule/secondaryOutcomes/7/measure"",""/protocolSection/outcomesModule/secondaryOutcomes/7/timeFrame"",""/protocolSection/outcomesModule/secondaryOutcomes/8/description"",""/protocolSection/outcomesModule/secondaryOutcomes/8/measure"",""/protocolSection/outcomesModule/secondaryOutcomes/8/timeFrame"",""/protocolSection/outcomesModule/secondaryOutcomes/9/description"",""/protocolSection/outcomesModule/secondaryOutcomes/9/measure"",""/protocolSection/outcomesModule/secondaryOutcomes/9/timeFrame"",""/protocolSection/statusModule/lastUpdatePostDateStruct/date"",""/protocolSection/statusModule/lastUpdateSubmitDate"",""/protocolSection/statusModule/resultsFirstSubmitDate"",""/protocolSection/statusModule/statusVerifiedDate"",""/resultsSection""]|89979eeac80cbcd8ecc76469017aa16c7ed8672898b0a6ca5c82d544f4deb6bf",critical,NCT03197935,36,37,2021-03-29,primary_outcome_change,evt_NCT03197935_v36_v37_3647c0c32194,55fc43da97739e04afcc09d325b15d48ad65f8296ad9c8169df5169a532671f2,9
552,critical-010,"NCT03197935|45|46|primary_outcome_change|critical|[""/protocolSection/contactsLocationsModule/locations/25"",""/protocolSection/contactsLocationsModule/locations/55/city"",""/protocolSection/contactsLocationsModule/locations/55/geoPoint"",""/protocolSection/outcomesModule/primaryOutcomes/0/timeFrame"",""/protocolSection/outcomesModule/primaryOutcomes/1/timeFrame"",""/protocolSection/outcomesModule/secondaryOutcomes/0/description"",""/protocolSection/outcomesModule/secondaryOutcomes/0/timeFrame"",""/protocolSection/outcomesModule/secondaryOutcomes/1/description"",""/protocolSection/outcomesModule/secondaryOutcomes/1/timeFrame"",""/protocolSection/outcomesModule/secondaryOutcomes/2/description"",""/protocolSection/outcomesModule/secondaryOutcomes/2/timeFrame"",""/protocolSection/outcomesModule/secondaryOutcomes/3/description"",""/protocolSection/outcomesModule/secondaryOutcomes/3/timeFrame"",""/protocolSection/outcomesModule/secondaryOutcomes/4/timeFrame"",""/protocolSection/outcomesModule/secondaryOutcomes/5/timeFrame"",""/protocolSection/outcomesModule/secondaryOutcomes/6/description"",""/protocolSection/outcomesModule/secondaryOutcomes/6/timeFrame"",""/protocolSection/outcomesModule/secondaryOutcomes/7/description"",""/protocolSection/outcomesModule/secondaryOutcomes/7/timeFrame"",""/protocolSection/outcomesModule/secondaryOutcomes/8/description"",""/protocolSection/outcomesModule/secondaryOutcomes/8/measure"",""/protocolSection/outcomesModule/secondaryOutcomes/8/timeFrame"",""/protocolSection/statusModule/completionDateStruct/date"",""/protocolSection/statusModule/lastUpdatePostDateStruct/date"",""/protocolSection/statusModule/lastUpdateSubmitDate"",""/protocolSection/statusModule/statusVerifiedDate"",""/resultsSection/adverseEventsModule/description"",""/resultsSection/adverseEventsModule/eventGroups/0/deathsNumAffected"",""/resultsSection/adverseEventsModule/eventGroups/0/deathsNumAtRisk"",""/resultsSection/adverseEventsModule/eventGroups/0/description"",""/resultsSection/adverseEventsModule/eventGroups/0/otherNumAffected"",""/resultsSection/adverseEventsModule/eventGroups/0/otherNumAtRisk"",""/resultsSection/adverseEventsModule/eventGroups/0/seriousNumAffected"",""/resultsSection/adverseEventsModule/eventGroups/0/seriousNumAtRisk"",""/resultsSection/adverseEventsModule/eventGroups/0/title"",""/resultsSection/adverseEventsModule/eventGroups/1/deathsNumAffected"",""/resultsSection/adverseEventsModule/eventGroups/1/deathsNumAtRisk"",""/resultsSection/adverseEventsModule/eventGroups/1/description"",""/resultsSection/adverseEventsModule/eventGroups/1/otherNumAffected"",""/resultsSection/adverseEventsModule/eventGroups/1/otherNumAtRisk"",""/resultsSection/adverseEventsModule/eventGroups/1/seriousNumAffected"",""/resultsSection/adverseEventsModule/eventGroups/1/seriousNumAtRisk"",""/resultsSection/adverseEventsModule/eventGroups/1/title"",""/resultsSection/adverseEventsModule/otherEvents/0/sourceVocabulary"",""/resultsSection/adverseEventsModule/otherEvents/0/stats/0/numAffected"",""/resultsSection/adverseEventsModule/otherEvents/0/stats/0/numAtRisk"",""/resultsSection/adverseEventsModule/otherEvents/0/stats/0/numEvents"",""/resultsSection/adverseEventsModule/otherEvents/0/stats/1/numAffected"",""/resultsSection/adverseEventsModule/otherEvents/0/stats/1/numAtRisk"",""/resultsSection/adverseEventsModule/otherEvents/0/stats/1/numEvents"",""/resultsSection/adverseEventsModule/otherEvents/0/term"",""/resultsSection/adverseEventsModule/otherEvents/1/sourceVocabulary"",""/resultsSection/adverseEventsModule/otherEvents/1/stats/0/numAffected"",""/resultsSection/adverseEventsModule/otherEvents/1/stats/0/numAtRisk"",""/resultsSection/adverseEventsModule/otherEvents/1/stats/0/numEvents"",""/resultsSection/adverseEventsModule/otherEvents/1/stats/1/numAffected"",""/resultsSection/adverseEventsModule/otherEvents/1/stats/1/numAtRisk"",""/resultsSection/adverseEventsModule/otherEvents/1/stats/1/numEvents"",""/resultsSection/adverseEventsModule/otherEvents/1/term"",""/resultsSection/adverseEventsModule/otherEvents/10/sourceVocabulary"",""/resultsSection/adverseEventsModule/otherEvents/10/stats/0/numAffected"",""/resultsSection/adverseEventsModule/otherEvents/10/stats/0/numAtRisk"",""/resultsSection/adverseEventsModule/otherEvents/10/stats/0/numEvents"",""/resultsSection/adverseEventsModule/otherEvents/10/stats/1/numAffected"",""/resultsSection/adverseEventsModule/otherEvents/10/stats/1/numAtRisk"",""/resultsSection/adverseEventsModule/otherEvents/10/stats/1/numEvents"",""/resultsSection/adverseEventsModule/otherEvents/10/term"",""/resultsSection/adverseEventsModule/otherEvents/11/sourceVocabulary"",""/resultsSection/adverseEventsModule/otherEvents/11/stats/0/numAffected"",""/resultsSection/adverseEventsModule/otherEvents/11/stats/0/numAtRisk"",""/resultsSection/adverseEventsModule/otherEvents/11/stats/0/numEvents"",""/resultsSection/adverseEventsModule/otherEvents/11/stats/1/numAtRisk"",""/resultsSection/adverseEventsModule/otherEvents/11/stats/1/numEvents"",""/resultsSection/adverseEventsModule/otherEvents/11/term"",""/resultsSection/adverseEventsModule/otherEvents/12/sourceVocabulary"",""/resultsSection/adverseEventsModule/otherEvents/12/stats/0/numAffected"",""/resultsSection/adverseEventsModule/otherEvents/12/stats/0/numAtRisk"",""/resultsSection/adverseEventsModule/otherEvents/12/stats/0/numEvents"",""/resultsSection/adverseEventsModule/otherEvents/12/stats/1/numAffected"",""/resultsSection/adverseEventsModule/otherEvents/12/stats/1/numAtRisk"",""/resultsSection/adverseEventsModule/otherEvents/12/stats/1/numEvents"",""/resultsSection/adverseEventsModule/otherEvents/12/term"",""/resultsSection/adverseEventsModule/otherEvents/13/sourceVocabulary"",""/resultsSection/adverseEventsModule/otherEvents/13/stats/0/numAffected"",""/resultsSection/adverseEventsModule/otherEvents/13/stats/0/numAtRisk"",""/resultsSection/adverseEventsModule/otherEvents/13/stats/0/numEvents"",""/resultsSection/adverseEventsModule/otherEvents/13/stats/1/numAffected"",""/resultsSection/adverseEventsModule/otherEvents/13/stats/1/numAtRisk"",""/resultsSection/adverseEventsModule/otherEvents/13/stats/1/numEvents"",""/resultsSection/adverseEventsModule/otherEvents/13/term"",""/resultsSection/adverseEventsModule/otherEvents/14/sourceVocabulary"",""/resultsSection/adverseEventsModule/otherEvents/14/stats/0/numAffected"",""/resultsSection/adverseEventsModule/otherEvents/14/stats/0/numAtRisk"",""/resultsSection/adverseEventsModule/otherEvents/14/stats/0/numEvents"",""/resultsSection/adverseEventsModule/otherEvents/14/stats/1/numAffected"",""/resultsSection/adverseEventsModule/otherEvents/14/stats/1/numAtRisk"",""/resultsSection/adverseEventsModule/otherEvents/14/stats/1/numEvents"",""/resultsSection/adverseEventsModule/otherEvents/14/term"",""/resultsSection/adverseEventsModule/otherEvents/15/sourceVocabulary"",""/resultsSection/adverseEventsModule/otherEvents/15/stats/0/numAffected"",""/resultsSection/adverseEventsModule/otherEvents/15/stats/0/numAtRisk"",""/resultsSection/adverseEventsModule/otherEvents/15/stats/0/numEvents"",""/resultsSection/adverseEventsModule/otherEvents/15/stats/1/numAffected"",""/resultsSection/adverseEventsModule/otherEvents/15/stats/1/numAtRisk"",""/resultsSection/adverseEventsModule/otherEvents/15/stats/1/numEvents"",""/resultsSection/adverseEventsModule/otherEvents/15/term"",""/resultsSection/adverseEventsModule/otherEvents/16/sourceVocabulary"",""/resultsSection/adverseEventsModule/otherEvents/16/stats/0/numAffected"",""/resultsSection/adverseEventsModule/otherEvents/16/stats/0/numAtRisk"",""/resultsSection/adverseEventsModule/otherEvents/16/stats/0/numEvents"",""/resultsSection/adverseEventsModule/otherEvents/16/stats/1/numAffected"",""/resultsSection/adverseEventsModule/otherEvents/16/stats/1/numAtRisk"",""/resultsSection/adverseEventsModule/otherEvents/16/stats/1/numEvents"",""/resultsSection/adverseEventsModule/otherEvents/16/term"",""/resultsSection/adverseEventsModule/otherEvents/17/sourceVocabulary"",""/resultsSection/adverseEventsModule/otherEvents/17/stats/0/numAffected"",""/resultsSection/adverseEventsModule/otherEvents/17/stats/0/numAtRisk"",""/resultsSection/adverseEventsModule/otherEvents/17/stats/0/numEvents"",""/resultsSection/adverseEventsModule/otherEvents/17/stats/1/numAffected"",""/resultsSection/adverseEventsModule/otherEvents/17/stats/1/numAtRisk"",""/resultsSection/adverseEventsModule/otherEvents/17/stats/1/numEvents"",""/resultsSection/adverseEventsModule/otherEvents/17/term"",""/resultsSection/adverseEventsModule/otherEvents/18/sourceVocabulary"",""/resultsSection/adverseEventsModule/otherEvents/18/stats/0/numAffected"",""/resultsSection/adverseEventsModule/otherEvents/18/stats/0/numAtRisk"",""/resultsSection/adverseEventsModule/otherEvents/18/stats/0/numEvents"",""/resultsSection/adverseEventsModule/otherEvents/18/stats/1/numAffected"",""/resultsSection/adverseEventsModule/otherEvents/18/stats/1/numAtRisk"",""/resultsSection/adverseEventsModule/otherEvents/18/stats/1/numEvents"",""/resultsSection/adverseEventsModule/otherEvents/18/term"",""/resultsSection/adverseEventsModule/otherEvents/19/sourceVocabulary"",""/resultsSection/adverseEventsModule/otherEvents/19/stats/0/numAffected"",""/resultsSection/adverseEventsModule/otherEvents/19/stats/0/numAtRisk"",""/resultsSection/adverseEventsModule/otherEvents/19/stats/0/numEvents"",""/resultsSection/adverseEventsModule/otherEvents/19/stats/1/numAffected"",""/resultsSection/adverseEventsModule/otherEvents/19/stats/1/numAtRisk"",""/resultsSection/adverseEventsModule/otherEvents/19/stats/1/numEvents"",""/resultsSection/adverseEventsModule/otherEvents/19/term"",""/resultsSection/adverseEventsModule/otherEvents/2/sourceVocabulary"",""/resultsSection/adverseEventsModule/otherEvents/2/stats/0/numAffected"",""/resultsSection/adverseEventsModule/otherEvents/2/stats/0/numAtRisk"",""/resultsSection/adverseEventsModule/otherEvents/2/stats/0/numEvents"",""/resultsSection/adverseEventsModule/otherEvents/2/stats/1/numAffected"",""/resultsSection/adverseEventsModule/otherEvents/2/stats/1/numAtRisk"",""/resultsSection/adverseEventsModule/otherEvents/2/stats/1/numEvents"",""/resultsSection/adverseEventsModule/otherEvents/2/term"",""/resultsSection/adverseEventsModule/otherEvents/20/sourceVocabulary"",""/resultsSection/adverseEventsModule/otherEvents/20/stats/0/numAffected"",""/resultsSection/adverseEventsModule/otherEvents/20/stats/0/numAtRisk"",""/resultsSection/adverseEventsModule/otherEvents/20/stats/0/numEvents"",""/resultsSection/adverseEventsModule/otherEvents/20/stats/1/numAffected"",""/resultsSection/adverseEventsModule/otherEvents/20/stats/1/numAtRisk"",""/resultsSection/adverseEventsModule/otherEvents/20/stats/1/numEvents"",""/resultsSection/adverseEventsModule/otherEvents/20/term"",""/resultsSection/adverseEventsModule/otherEvents/21/sourceVocabulary"",""/resultsSection/adverseEventsModule/otherEvents/21/stats/0/numAtRisk"",""/resultsSection/adverseEventsModule/otherEvents/21/stats/0/numEvents"",""/resultsSection/adverseEventsModule/otherEvents/21/stats/1/numAffected"",""/resultsSection/adverseEventsModule/otherEvents/21/stats/1/numAtRisk"",""/resultsSection/adverseEventsModule/otherEvents/21/stats/1/numEvents"",""/resultsSection/adverseEventsModule/otherEvents/21/term"",""/resultsSection/adverseEventsModule/otherEvents/22/sourceVocabulary"",""/resultsSection/adverseEventsModule/otherEvents/22/stats/0/numAffected"",""/resultsSection/adverseEventsModule/otherEvents/22/stats/0/numAtRisk"",""/resultsSection/adverseEventsModule/otherEvents/22/stats/0/numEvents"",""/resultsSection/adverseEventsModule/otherEvents/22/stats/1/numAffected"",""/resultsSection/adverseEventsModule/otherEvents/22/stats/1/numAtRisk"",""/resultsSection/adverseEventsModule/otherEvents/22/stats/1/numEvents"",""/resultsSection/adverseEventsModule/otherEvents/22/term"",""/resultsSection/adverseEventsModule/otherEvents/23/sourceVocabulary"",""/resultsSection/adverseEventsModule/otherEvents/23/stats/0/numAffected"",""/resultsSection/adverseEventsModule/otherEvents/23/stats/0/numAtRisk"",""/resultsSection/adverseEventsModule/otherEvents/23/stats/0/numEvents"",""/resultsSection/adverseEventsModule/otherEvents/23/stats/1/numAffected"",""/resultsSection/adverseEventsModule/otherEvents/23/stats/1/numAtRisk"",""/resultsSection/adverseEventsModule/otherEvents/23/stats/1/numEvents"",""/resultsSection/adverseEventsModule/otherEvents/23/term"",""/resultsSection/adverseEventsModule/otherEvents/24/sourceVocabulary"",""/resultsSection/adverseEventsModule/otherEvents/24/stats/0/numAffected"",""/resultsSection/adverseEventsModule/otherEvents/24/stats/0/numAtRisk"",""/resultsSection/adverseEventsModule/otherEvents/24/stats/0/numEvents"",""/resultsSection/adverseEventsModule/otherEvents/24/stats/1/numAffected"",""/resultsSection/adverseEventsModule/otherEvents/24/stats/1/numAtRisk"",""/resultsSection/adverseEventsModule/otherEvents/24/stats/1/numEvents"",""/resultsSection/adverseEventsModule/otherEvents/24/term"",""/resultsSection/adverseEventsModule/otherEvents/25/sourceVocabulary"",""/resultsSection/adverseEventsModule/otherEvents/25/stats/0/numAffected"",""/resultsSection/adverseEventsModule/otherEvents/25/stats/0/numAtRisk"",""/resultsSection/adverseEventsModule/otherEvents/25/stats/0/numEvents"",""/resultsSection/adverseEventsModule/otherEvents/25/stats/1/numAffected"",""/resultsSection/adverseEventsModule/otherEvents/25/stats/1/numAtRisk"",""/resultsSection/adverseEventsModule/otherEvents/25/stats/1/numEvents"",""/resultsSection/adverseEventsModule/otherEvents/25/term"",""/resultsSection/adverseEventsModule/otherEvents/26/sourceVocabulary"",""/resultsSection/adverseEventsModule/otherEvents/26/stats/0/numAffected"",""/resultsSection/adverseEventsModule/otherEvents/26/stats/0/numAtRisk"",""/resultsSection/adverseEventsModule/otherEvents/26/stats/0/numEvents"",""/resultsSection/adverseEventsModule/otherEvents/26/stats/1/numAffected"",""/resultsSection/adverseEventsModule/otherEvents/26/stats/1/numAtRisk"",""/resultsSection/adverseEventsModule/otherEvents/26/stats/1/numEvents"",""/resultsSection/adverseEventsModule/otherEvents/26/term"",""/resultsSection/adverseEventsModule/otherEvents/27/sourceVocabulary"",""/resultsSection/adverseEventsModule/otherEvents/27/stats/0/numAffected"",""/resultsSection/adverseEventsModule/otherEvents/27/stats/0/numAtRisk"",""/resultsSection/adverseEventsModule/otherEvents/27/stats/0/numEvents"",""/resultsSection/adverseEventsModule/otherEvents/27/stats/1/numAffected"",""/resultsSection/adverseEventsModule/otherEvents/27/stats/1/numAtRisk"",""/resultsSection/adverseEventsModule/otherEvents/27/stats/1/numEvents"",""/resultsSection/adverseEventsModule/otherEvents/27/term"",""/resultsSection/adverseEventsModule/otherEvents/28/sourceVocabulary"",""/resultsSection/adverseEventsModule/otherEvents/28/stats/0/numAffected"",""/resultsSection/adverseEventsModule/otherEvents/28/stats/0/numAtRisk"",""/resultsSection/adverseEventsModule/otherEvents/28/stats/0/numEvents"",""/resultsSection/adverseEventsModule/otherEvents/28/stats/1/numAffected"",""/resultsSection/adverseEventsModule/otherEvents/28/stats/1/numAtRisk"",""/resultsSection/adverseEventsModule/otherEvents/28/stats/1/numEvents"",""/resultsSection/adverseEventsModule/otherEvents/28/term"",""/resultsSection/adverseEventsModule/otherEvents/29/sourceVocabulary"",""/resultsSection/adverseEventsModule/otherEvents/29/stats/0/numAffected"",""/resultsSection/adverseEventsModule/otherEvents/29/stats/0/numAtRisk"",""/resultsSection/adverseEventsModule/otherEvents/29/stats/0/numEvents"",""/resultsSection/adverseEventsModule/otherEvents/29/stats/1/numAffected"",""/resultsSection/adverseEventsModule/otherEvents/29/stats/1/numAtRisk"",""/resultsSection/adverseEventsModule/otherEvents/29/stats/1/numEvents"",""/resultsSection/adverseEventsModule/otherEvents/29/term"",""/resultsSection/adverseEventsModule/otherEvents/3/sourceVocabulary"",""/resultsSection/adverseEventsModule/otherEvents/3/stats/0/numAffected"",""/resultsSection/adverseEventsModule/otherEvents/3/stats/0/numAtRisk"",""/resultsSection/adverseEventsModule/otherEvents/3/stats/0/numEvents"",""/resultsSection/adverseEventsModule/otherEvents/3/stats/1/numAffected"",""/resultsSection/adverseEventsModule/otherEvents/3/stats/1/numAtRisk"",""/resultsSection/adverseEventsModule/otherEvents/3/stats/1/numEvents"",""/resultsSection/adverseEventsModule/otherEvents/3/term"",""/resultsSection/adverseEventsModule/otherEvents/30/sourceVocabulary"",""/resultsSection/adverseEventsModule/otherEvents/30/stats/0/numAffected"",""/resultsSection/adverseEventsModule/otherEvents/30/stats/0/numAtRisk"",""/resultsSection/adverseEventsModule/otherEvents/30/stats/0/numEvents"",""/resultsSection/adverseEventsModule/otherEvents/30/stats/1/numAffected"",""/resultsSection/adverseEventsModule/otherEvents/30/stats/1/numAtRisk"",""/resultsSection/adverseEventsModule/otherEvents/30/stats/1/numEvents"",""/resultsSection/adverseEventsModule/otherEvents/30/term"",""/resultsSection/adverseEventsModule/otherEvents/31/sourceVocabulary"",""/resultsSection/adverseEventsModule/otherEvents/31/stats/0/numAffected"",""/resultsSection/adverseEventsModule/otherEvents/31/stats/0/numAtRisk"",""/resultsSection/adverseEventsModule/otherEvents/31/stats/0/numEvents"",""/resultsSection/adverseEventsModule/otherEvents/31/stats/1/numAffected"",""/resultsSection/adverseEventsModule/otherEvents/31/stats/1/numAtRisk"",""/resultsSection/adverseEventsModule/otherEvents/31/stats/1/numEvents"",""/resultsSection/adverseEventsModule/otherEvents/31/term"",""/resultsSection/adverseEventsModule/otherEvents/32/sourceVocabulary"",""/resultsSection/adverseEventsModule/otherEvents/32/stats/0/numAffected"",""/resultsSection/adverseEventsModule/otherEvents/32/stats/0/numAtRisk"",""/resultsSection/adverseEventsModule/otherEvents/32/stats/0/numEvents"",""/resultsSection/adverseEventsModule/otherEvents/32/stats/1/numAffected"",""/resultsSection/adverseEventsModule/otherEvents/32/stats/1/numAtRisk"",""/resultsSection/adverseEventsModule/otherEvents/32/stats/1/numEvents"",""/resultsSection/adverseEventsModule/otherEvents/32/term"",""/resultsSection/adverseEventsModule/otherEvents/33/sourceVocabulary"",""/resultsSection/adverseEventsModule/otherEvents/33/stats/0/numAffected"",""/resultsSection/adverseEventsModule/otherEvents/33/stats/0/numAtRisk"",""/resultsSection/adverseEventsModule/otherEvents/33/stats/0/numEvents"",""/resultsSection/adverseEventsModule/otherEvents/33/stats/1/numAffected"",""/resultsSection/adverseEventsModule/otherEvents/33/stats/1/numAtRisk"",""/resultsSection/adverseEventsModule/otherEvents/33/stats/1/numEvents"",""/resultsSection/adverseEventsModule/otherEvents/33/term"",""/resultsSection/adverseEventsModule/otherEvents/34/sourceVocabulary"",""/resultsSection/adverseEventsModule/otherEvents/34/stats/0/numAffected"",""/resultsSection/adverseEventsModule/otherEvents/34/stats/0/numAtRisk"",""/resultsSection/adverseEventsModule/otherEvents/34/stats/0/numEvents"",""/resultsSection/adverseEventsModule/otherEvents/34/stats/1/numAffected"",""/resultsSection/adverseEventsModule/otherEvents/34/stats/1/numAtRisk"",""/resultsSection/adverseEventsModule/otherEvents/34/stats/1/numEvents"",""/resultsSection/adverseEventsModule/otherEvents/34/term"",""/resultsSection/adverseEventsModule/otherEvents/35/sourceVocabulary"",""/resultsSection/adverseEventsModule/otherEvents/35/stats/0/numAffected"",""/resultsSection/adverseEventsModule/otherEvents/35/stats/0/numAtRisk"",""/resultsSection/adverseEventsModule/otherEvents/35/stats/0/numEvents"",""/resultsSection/adverseEventsModule/otherEvents/35/stats/1/numAffected"",""/resultsSection/adverseEventsModule/otherEvents/35/stats/1/numAtRisk"",""/resultsSection/adverseEventsModule/otherEvents/35/stats/1/numEvents"",""/resultsSection/adverseEventsModule/otherEvents/35/term"",""/resultsSection/adverseEventsModule/otherEvents/36/sourceVocabulary"",""/resultsSection/adverseEventsModule/otherEvents/36/stats/0/numAffected"",""/resultsSection/adverseEventsModule/otherEvents/36/stats/0/numAtRisk"",""/resultsSection/adverseEventsModule/otherEvents/36/stats/0/numEvents"",""/resultsSection/adverseEventsModule/otherEvents/36/stats/1/numAffected"",""/resultsSection/adverseEventsModule/otherEvents/36/stats/1/numAtRisk"",""/resultsSection/adverseEventsModule/otherEvents/36/stats/1/numEvents"",""/resultsSection/adverseEventsModule/otherEvents/36/term"",""/resultsSection/adverseEventsModule/otherEvents/37/sourceVocabulary"",""/resultsSection/adverseEventsModule/otherEvents/37/stats/0/numAffected"",""/resultsSection/adverseEventsModule/otherEvents/37/stats/0/numAtRisk"",""/resultsSection/adverseEventsModule/otherEvents/37/stats/0/numEvents"",""/resultsSection/adverseEventsModule/otherEvents/37/stats/1/numAffected"",""/resultsSection/adverseEventsModule/otherEvents/37/stats/1/numAtRisk"",""/resultsSection/adverseEventsModule/otherEvents/37/stats/1/numEvents"",""/resultsSection/adverseEventsModule/otherEvents/37/term"",""/resultsSection/adverseEventsModule/otherEvents/38/sourceVocabulary"",""/resultsSection/adverseEventsModule/otherEvents/38/stats/0/numAffected"",""/resultsSection/adverseEventsModule/otherEvents/38/stats/0/numAtRisk"",""/resultsSection/adverseEventsModule/otherEvents/38/stats/0/numEvents"",""/resultsSection/adverseEventsModule/otherEvents/38/stats/1/numAffected"",""/resultsSection/adverseEventsModule/otherEvents/38/stats/1/numAtRisk"",""/resultsSection/adverseEventsModule/otherEvents/38/stats/1/numEvents"",""/resultsSection/adverseEventsModule/otherEvents/38/term"",""/resultsSection/adverseEventsModule/otherEvents/39/sourceVocabulary"",""/resultsSection/adverseEventsModule/otherEvents/39/stats/0/numAffected"",""/resultsSection/adverseEventsModule/otherEvents/39/stats/0/numAtRisk"",""/resultsSection/adverseEventsModule/otherEvents/39/stats/0/numEvents"",""/resultsSection/adverseEventsModule/otherEvents/39/stats/1/numAffected"",""/resultsSection/adverseEventsModule/otherEvents/39/stats/1/numAtRisk"",""/resultsSection/adverseEventsModule/otherEvents/39/stats/1/numEvents"",""/resultsSection/adverseEventsModule/otherEvents/39/term"",""/resultsSection/adverseEventsModule/otherEvents/4/sourceVocabulary"",""/resultsSection/adverseEventsModule/otherEvents/4/stats/0/numAffected"",""/resultsSection/adverseEventsModule/otherEvents/4/stats/0/numAtRisk"",""/resultsSection/adverseEventsModule/otherEvents/4/stats/0/numEvents"",""/resultsSection/adverseEventsModule/otherEvents/4/stats/1/numAffected"",""/resultsSection/adverseEventsModule/otherEvents/4/stats/1/numAtRisk"",""/resultsSection/adverseEventsModule/otherEvents/4/stats/1/numEvents"",""/resultsSection/adverseEventsModule/otherEvents/4/term"",""/resultsSection/adverseEventsModule/otherEvents/40/sourceVocabulary"",""/resultsSection/adverseEventsModule/otherEvents/40/stats/0/numAffected"",""/resultsSection/adverseEventsModule/otherEvents/40/stats/0/numAtRisk"",""/resultsSection/adverseEventsModule/otherEvents/40/stats/1/numAffected"",""/resultsSection/adverseEventsModule/otherEvents/40/stats/1/numAtRisk"",""/resultsSection/adverseEventsModule/otherEvents/40/stats/1/numEvents"",""/resultsSection/adverseEventsModule/otherEvents/40/term"",""/resultsSection/adverseEventsModule/otherEvents/41/sourceVocabulary"",""/resultsSection/adverseEventsModule/otherEvents/41/stats/0/numAffected"",""/resultsSection/adverseEventsModule/otherEvents/41/stats/0/numAtRisk"",""/resultsSection/adverseEventsModule/otherEvents/41/stats/1/numAffected"",""/resultsSection/adverseEventsModule/otherEvents/41/stats/1/numAtRisk"",""/resultsSection/adverseEventsModule/otherEvents/41/stats/1/numEvents"",""/resultsSection/adverseEventsModule/otherEvents/41/term"",""/resultsSection/adverseEventsModule/otherEvents/42/sourceVocabulary"",""/resultsSection/adverseEventsModule/otherEvents/42/stats/0/numAtRisk"",""/resultsSection/adverseEventsModule/otherEvents/42/stats/1/numAffected"",""/resultsSection/adverseEventsModule/otherEvents/42/stats/1/numAtRisk"",""/resultsSection/adverseEventsModule/otherEvents/42/stats/1/numEvents"",""/resultsSection/adverseEventsModule/otherEvents/42/term"",""/resultsSection/adverseEventsModule/otherEvents/43/sourceVocabulary"",""/resultsSection/adverseEventsModule/otherEvents/43/stats/0/numAffected"",""/resultsSection/adverseEventsModule/otherEvents/43/stats/0/numAtRisk"",""/resultsSection/adverseEventsModule/otherEvents/43/stats/0/numEvents"",""/resultsSection/adverseEventsModule/otherEvents/43/stats/1/numAffected"",""/resultsSection/adverseEventsModule/otherEvents/43/stats/1/numAtRisk"",""/resultsSection/adverseEventsModule/otherEvents/43/stats/1/numEvents"",""/resultsSection/adverseEventsModule/otherEvents/43/term"",""/resultsSection/adverseEventsModule/otherEvents/44/sourceVocabulary"",""/resultsSection/adverseEventsModule/otherEvents/44/stats/0/numAffected"",""/resultsSection/adverseEventsModule/otherEvents/44/stats/0/numAtRisk"",""/resultsSection/adverseEventsModule/otherEvents/44/stats/0/numEvents"",""/resultsSection/adverseEventsModule/otherEvents/44/stats/1/numAffected"",""/resultsSection/adverseEventsModule/otherEvents/44/stats/1/numAtRisk"",""/resultsSection/adverseEventsModule/otherEvents/44/stats/1/numEvents"",""/resultsSection/adverseEventsModule/otherEvents/44/term"",""/resultsSection/adverseEventsModule/otherEvents/45/organSystem"",""/resultsSection/adverseEventsModule/otherEvents/45/sourceVocabulary"",""/resultsSection/adverseEventsModule/otherEvents/45/stats/0/numAffected"",""/resultsSection/adverseEventsModule/otherEvents/45/stats/0/numAtRisk"",""/resultsSection/adverseEventsModule/otherEvents/45/stats/0/numEvents"",""/resultsSection/adverseEventsModule/otherEvents/45/stats/1/numAffected"",""/resultsSection/adverseEventsModule/otherEvents/45/stats/1/numAtRisk"",""/resultsSection/adverseEventsModule/otherEvents/45/stats/1/numEvents"",""/resultsSection/adverseEventsModule/otherEvents/45/term"",""/resultsSection/adverseEventsModule/otherEvents/46/sourceVocabulary"",""/resultsSection/adverseEventsModule/otherEvents/46/stats/0/numAffected"",""/resultsSection/adverseEventsModule/otherEvents/46/stats/0/numAtRisk"",""/resultsSection/adverseEventsModule/otherEvents/46/stats/0/numEvents"",""/resultsSection/adverseEventsModule/otherEvents/46/stats/1/numAffected"",""/resultsSection/adverseEventsModule/otherEvents/46/stats/1/numAtRisk"",""/resultsSection/adverseEventsModule/otherEvents/46/stats/1/numEvents"",""/resultsSection/adverseEventsModule/otherEvents/46/term"",""/resultsSection/adverseEventsModule/otherEvents/47/sourceVocabulary"",""/resultsSection/adverseEventsModule/otherEvents/47/stats/0/numAffected"",""/resultsSection/adverseEventsModule/otherEvents/47/stats/0/numAtRisk"",""/resultsSection/adverseEventsModule/otherEvents/47/stats/0/numEvents"",""/resultsSection/adverseEventsModule/otherEvents/47/stats/1/numAffected"",""/resultsSection/adverseEventsModule/otherEvents/47/stats/1/numAtRisk"",""/resultsSection/adverseEventsModule/otherEvents/47/stats/1/numEvents"",""/resultsSection/adverseEventsModule/otherEvents/47/term"",""/resultsSection/adverseEventsModule/otherEvents/48/sourceVocabulary"",""/resultsSection/adverseEventsModule/otherEvents/48/stats/0/numAffected"",""/resultsSection/adverseEventsModule/otherEvents/48/stats/0/numAtRisk"",""/resultsSection/adverseEventsModule/otherEvents/48/stats/0/numEvents"",""/resultsSection/adverseEventsModule/otherEvents/48/stats/1/numAffected"",""/resultsSection/adverseEventsModule/otherEvents/48/stats/1/numAtRisk"",""/resultsSection/adverseEventsModule/otherEvents/48/stats/1/numEvents"",""/resultsSection/adverseEventsModule/otherEvents/48/term"",""/resultsSection/adverseEventsModule/otherEvents/49/sourceVocabulary"",""/resultsSection/adverseEventsModule/otherEvents/49/stats/0/numAffected"",""/resultsSection/adverseEventsModule/otherEvents/49/stats/0/numAtRisk"",""/resultsSection/adverseEventsModule/otherEvents/49/stats/0/numEvents"",""/resultsSection/adverseEventsModule/otherEvents/49/stats/1/numAffected"",""/resultsSection/adverseEventsModule/otherEvents/49/stats/1/numAtRisk"",""/resultsSection/adverseEventsModule/otherEvents/49/stats/1/numEvents"",""/resultsSection/adverseEventsModule/otherEvents/49/term"",""/resultsSection/adverseEventsModule/otherEvents/5/sourceVocabulary"",""/resultsSection/adverseEventsModule/otherEvents/5/stats/0/numAffected"",""/resultsSection/adverseEventsModule/otherEvents/5/stats/0/numAtRisk"",""/resultsSection/adverseEventsModule/otherEvents/5/stats/0/numEvents"",""/resultsSection/adverseEventsModule/otherEvents/5/stats/1/numAffected"",""/resultsSection/adverseEventsModule/otherEvents/5/stats/1/numAtRisk"",""/resultsSection/adverseEventsModule/otherEvents/5/stats/1/numEvents"",""/resultsSection/adverseEventsModule/otherEvents/5/term"",""/resultsSection/adverseEventsModule/otherEvents/50/sourceVocabulary"",""/resultsSection/adverseEventsModule/otherEvents/50/stats/0/numAffected"",""/resultsSection/adverseEventsModule/otherEvents/50/stats/0/numAtRisk"",""/resultsSection/adverseEventsModule/otherEvents/50/stats/0/numEvents"",""/resultsSection/adverseEventsModule/otherEvents/50/stats/1/numAffected"",""/resultsSection/adverseEventsModule/otherEvents/50/stats/1/numAtRisk"",""/resultsSection/adverseEventsModule/otherEvents/50/stats/1/numEvents"",""/resultsSection/adverseEventsModule/otherEvents/50/term"",""/resultsSection/adverseEventsModule/otherEvents/51/sourceVocabulary"",""/resultsSection/adverseEventsModule/otherEvents/51/stats/0/numAffected"",""/resultsSection/adverseEventsModule/otherEvents/51/stats/0/numAtRisk"",""/resultsSection/adverseEventsModule/otherEvents/51/stats/0/numEvents"",""/resultsSection/adverseEventsModule/otherEvents/51/stats/1/numAffected"",""/resultsSection/adverseEventsModule/otherEvents/51/stats/1/numAtRisk"",""/resultsSection/adverseEventsModule/otherEvents/51/stats/1/numEvents"",""/resultsSection/adverseEventsModule/otherEvents/51/term"",""/resultsSection/adverseEventsModule/otherEvents/52/sourceVocabulary"",""/resultsSection/adverseEventsModule/otherEvents/52/stats/0/numAffected"",""/resultsSection/adverseEventsModule/otherEvents/52/stats/0/numAtRisk"",""/resultsSection/adverseEventsModule/otherEvents/52/stats/0/numEvents"",""/resultsSection/adverseEventsModule/otherEvents/52/stats/1/numAffected"",""/resultsSection/adverseEventsModule/otherEvents/52/stats/1/numAtRisk"",""/resultsSection/adverseEventsModule/otherEvents/52/stats/1/numEvents"",""/resultsSection/adverseEventsModule/otherEvents/52/term"",""/resultsSection/adverseEventsModule/otherEvents/53/organSystem"",""/resultsSection/adverseEventsModule/otherEvents/53/sourceVocabulary"",""/resultsSection/adverseEventsModule/otherEvents/53/stats/0/numAffected"",""/resultsSection/adverseEventsModule/otherEvents/53/stats/0/numAtRisk"",""/resultsSection/adverseEventsModule/otherEvents/53/stats/1/numAffected"",""/resultsSection/adverseEventsModule/otherEvents/53/stats/1/numAtRisk"",""/resultsSection/adverseEventsModule/otherEvents/53/term"",""/resultsSection/adverseEventsModule/otherEvents/54/sourceVocabulary"",""/resultsSection/adverseEventsModule/otherEvents/54/stats/0/numAffected"",""/resultsSection/adverseEventsModule/otherEvents/54/stats/0/numAtRisk"",""/resultsSection/adverseEventsModule/otherEvents/54/stats/0/numEvents"",""/resultsSection/adverseEventsModule/otherEvents/54/stats/1/numAtRisk"",""/resultsSection/adverseEventsModule/otherEvents/54/term"",""/resultsSection/adverseEventsModule/otherEvents/55/sourceVocabulary"",""/resultsSection/adverseEventsModule/otherEvents/55/stats/0/numAffected"",""/resultsSection/adverseEventsModule/otherEvents/55/stats/0/numAtRisk"",""/resultsSection/adverseEventsModule/otherEvents/55/stats/0/numEvents"",""/resultsSection/adverseEventsModule/otherEvents/55/stats/1/numAffected"",""/resultsSection/adverseEventsModule/otherEvents/55/stats/1/numAtRisk"",""/resultsSection/adverseEventsModule/otherEvents/55/stats/1/numEvents"",""/resultsSection/adverseEventsModule/otherEvents/55/term"",""/resultsSection/adverseEventsModule/otherEvents/56/organSystem"",""/resultsSection/adverseEventsModule/otherEvents/56/sourceVocabulary"",""/resultsSection/adverseEventsModule/otherEvents/56/stats/0/numAffected"",""/resultsSection/adverseEventsModule/otherEvents/56/stats/0/numAtRisk"",""/resultsSection/adverseEventsModule/otherEvents/56/stats/0/numEvents"",""/resultsSection/adverseEventsModule/otherEvents/56/stats/1/numAffected"",""/resultsSection/adverseEventsModule/otherEvents/56/stats/1/numAtRisk"",""/resultsSection/adverseEventsModule/otherEvents/56/stats/1/numEvents"",""/resultsSection/adverseEventsModule/otherEvents/56/term"",""/resultsSection/adverseEventsModule/otherEvents/57/organSystem"",""/resultsSection/adverseEventsModule/otherEvents/57/sourceVocabulary"",""/resultsSection/adverseEventsModule/otherEvents/57/stats/0/numAffected"",""/resultsSection/adverseEventsModule/otherEvents/57/stats/0/numAtRisk"",""/resultsSection/adverseEventsModule/otherEvents/57/stats/0/numEvents"",""/resultsSection/adverseEventsModule/otherEvents/57/stats/1/numAffected"",""/resultsSection/adverseEventsModule/otherEvents/57/stats/1/numAtRisk"",""/resultsSection/adverseEventsModule/otherEvents/57/stats/1/numEvents"",""/resultsSection/adverseEventsModule/otherEvents/57/term"",""/resultsSection/adverseEventsModule/otherEvents/58/sourceVocabulary"",""/resultsSection/adverseEventsModule/otherEvents/58/stats/0/numAffected"",""/resultsSection/adverseEventsModule/otherEvents/58/stats/0/numAtRisk"",""/resultsSection/adverseEventsModule/otherEvents/58/stats/0/numEvents"",""/resultsSection/adverseEventsModule/otherEvents/58/stats/1/numAffected"",""/resultsSection/adverseEventsModule/otherEvents/58/stats/1/numAtRisk"",""/resultsSection/adverseEventsModule/otherEvents/58/stats/1/numEvents"",""/resultsSection/adverseEventsModule/otherEvents/58/term"",""/resultsSection/adverseEventsModule/otherEvents/59/sourceVocabulary"",""/resultsSection/adverseEventsModule/otherEvents/59/stats/0/numAffected"",""/resultsSection/adverseEventsModule/otherEvents/59/stats/0/numAtRisk"",""/resultsSection/adverseEventsModule/otherEvents/59/stats/0/numEvents"",""/resultsSection/adverseEventsModule/otherEvents/59/stats/1/numAffected"",""/resultsSection/adverseEventsModule/otherEvents/59/stats/1/numAtRisk"",""/resultsSection/adverseEventsModule/otherEvents/59/stats/1/numEvents"",""/resultsSection/adverseEventsModule/otherEvents/59/term"",""/resultsSection/adverseEventsModule/otherEvents/6/sourceVocabulary"",""/resultsSection/adverseEventsModule/otherEvents/6/stats/0/numAtRisk"",""/resultsSection/adverseEventsModule/otherEvents/6/stats/0/numEvents"",""/resultsSection/adverseEventsModule/otherEvents/6/stats/1/numAtRisk"",""/resultsSection/adverseEventsModule/otherEvents/6/stats/1/numEvents"",""/resultsSection/adverseEventsModule/otherEvents/6/term"",""/resultsSection/adverseEventsModule/otherEvents/60/sourceVocabulary"",""/resultsSection/adverseEventsModule/otherEvents/60/stats/0/numAffected"",""/resultsSection/adverseEventsModule/otherEvents/60/stats/0/numAtRisk"",""/resultsSection/adverseEventsModule/otherEvents/60/stats/0/numEvents"",""/resultsSection/adverseEventsModule/otherEvents/60/stats/1/numAffected"",""/resultsSection/adverseEventsModule/otherEvents/60/stats/1/numAtRisk"",""/resultsSection/adverseEventsModule/otherEvents/60/stats/1/numEvents"",""/resultsSection/adverseEventsModule/otherEvents/60/term"",""/resultsSection/adverseEventsModule/otherEvents/61/sourceVocabulary"",""/resultsSection/adverseEventsModule/otherEvents/61/stats/0/numAffected"",""/resultsSection/adverseEventsModule/otherEvents/61/stats/0/numAtRisk"",""/resultsSection/adverseEventsModule/otherEvents/61/stats/0/numEvents"",""/resultsSection/adverseEventsModule/otherEvents/61/stats/1/numAffected"",""/resultsSection/adverseEventsModule/otherEvents/61/stats/1/numAtRisk"",""/resultsSection/adverseEventsModule/otherEvents/61/stats/1/numEvents"",""/resultsSection/adverseEventsModule/otherEvents/61/term"",""/resultsSection/adverseEventsModule/otherEvents/62/organSystem"",""/resultsSection/adverseEventsModule/otherEvents/62/sourceVocabulary"",""/resultsSection/adverseEventsModule/otherEvents/62/stats/0/numAffected"",""/resultsSection/adverseEventsModule/otherEvents/62/stats/0/numAtRisk"",""/resultsSection/adverseEventsModule/otherEvents/62/stats/0/numEvents"",""/resultsSection/adverseEventsModule/otherEvents/62/stats/1/numAffected"",""/resultsSection/adverseEventsModule/otherEvents/62/stats/1/numAtRisk"",""/resultsSection/adverseEventsModule/otherEvents/62/stats/1/numEvents"",""/resultsSection/adverseEventsModule/otherEvents/62/term"",""/resultsSection/adverseEventsModule/otherEvents/63/sourceVocabulary"",""/resultsSection/adverseEventsModule/otherEvents/63/stats/0/numAffected"",""/resultsSection/adverseEventsModule/otherEvents/63/stats/0/numAtRisk"",""/resultsSection/adverseEventsModule/otherEvents/63/stats/0/numEvents"",""/resultsSection/adverseEventsModule/otherEvents/63/stats/1/numAffected"",""/resultsSection/adverseEventsModule/otherEvents/63/stats/1/numAtRisk"",""/resultsSection/adverseEventsModule/otherEvents/63/stats/1/numEvents"",""/resultsSection/adverseEventsModule/otherEvents/63/term"",""/resultsSection/adverseEventsModule/otherEvents/64/sourceVocabulary"",""/resultsSection/adverseEventsModule/otherEvents/64/stats/0/numAffected"",""/resultsSection/adverseEventsModule/otherEvents/64/stats/0/numAtRisk"",""/resultsSection/adverseEventsModule/otherEvents/64/stats/0/numEvents"",""/resultsSection/adverseEventsModule/otherEvents/64/stats/1/numAffected"",""/resultsSection/adverseEventsModule/otherEvents/64/stats/1/numAtRisk"",""/resultsSection/adverseEventsModule/otherEvents/64/stats/1/numEvents"",""/resultsSection/adverseEventsModule/otherEvents/64/term"",""/resultsSection/adverseEventsModule/otherEvents/65/sourceVocabulary"",""/resultsSection/adverseEventsModule/otherEvents/65/stats/0/numAffected"",""/resultsSection/adverseEventsModule/otherEvents/65/stats/0/numAtRisk"",""/resultsSection/adverseEventsModule/otherEvents/65/stats/0/numEvents"",""/resultsSection/adverseEventsModule/otherEvents/65/stats/1/numAffected"",""/resultsSection/adverseEventsModule/otherEvents/65/stats/1/numAtRisk"",""/resultsSection/adverseEventsModule/otherEvents/65/stats/1/numEvents"",""/resultsSection/adverseEventsModule/otherEvents/65/term"",""/resultsSection/adverseEventsModule/otherEvents/66/sourceVocabulary"",""/resultsSection/adverseEventsModule/otherEvents/66/stats/0/numAffected"",""/resultsSection/adverseEventsModule/otherEvents/66/stats/0/numAtRisk"",""/resultsSection/adverseEventsModule/otherEvents/66/stats/0/numEvents"",""/resultsSection/adverseEventsModule/otherEvents/66/stats/1/numAffected"",""/resultsSection/adverseEventsModule/otherEvents/66/stats/1/numAtRisk"",""/resultsSection/adverseEventsModule/otherEvents/66/stats/1/numEvents"",""/resultsSection/adverseEventsModule/otherEvents/66/term"",""/resultsSection/adverseEventsModule/otherEvents/67/sourceVocabulary"",""/resultsSection/adverseEventsModule/otherEvents/67/stats/0/numAffected"",""/resultsSection/adverseEventsModule/otherEvents/67/stats/0/numAtRisk"",""/resultsSection/adverseEventsModule/otherEvents/67/stats/0/numEvents"",""/resultsSection/adverseEventsModule/otherEvents/67/stats/1/numAffected"",""/resultsSection/adverseEventsModule/otherEvents/67/stats/1/numAtRisk"",""/resultsSection/adverseEventsModule/otherEvents/67/stats/1/numEvents"",""/resultsSection/adverseEventsModule/otherEvents/67/term"",""/resultsSection/adverseEventsModule/otherEvents/68/sourceVocabulary"",""/resultsSection/adverseEventsModule/otherEvents/68/stats/0/numAffected"",""/resultsSection/adverseEventsModule/otherEvents/68/stats/0/numAtRisk"",""/resultsSection/adverseEventsModule/otherEvents/68/stats/0/numEvents"",""/resultsSection/adverseEventsModule/otherEvents/68/stats/1/numAffected"",""/resultsSection/adverseEventsModule/otherEvents/68/stats/1/numAtRisk"",""/resultsSection/adverseEventsModule/otherEvents/68/stats/1/numEvents"",""/resultsSection/adverseEventsModule/otherEvents/68/term"",""/resultsSection/adverseEventsModule/otherEvents/69/sourceVocabulary"",""/resultsSection/adverseEventsModule/otherEvents/69/stats/0/numAffected"",""/resultsSection/adverseEventsModule/otherEvents/69/stats/0/numAtRisk"",""/resultsSection/adverseEventsModule/otherEvents/69/stats/0/numEvents"",""/resultsSection/adverseEventsModule/otherEvents/69/stats/1/numAffected"",""/resultsSection/adverseEventsModule/otherEvents/69/stats/1/numAtRisk"",""/resultsSection/adverseEventsModule/otherEvents/69/stats/1/numEvents"",""/resultsSection/adverseEventsModule/otherEvents/69/term"",""/resultsSection/adverseEventsModule/otherEvents/7/sourceVocabulary"",""/resultsSection/adverseEventsModule/otherEvents/7/stats/0/numAffected"",""/resultsSection/adverseEventsModule/otherEvents/7/stats/0/numAtRisk"",""/resultsSection/adverseEventsModule/otherEvents/7/stats/0/numEvents"",""/resultsSection/adverseEventsModule/otherEvents/7/stats/1/numAffected"",""/resultsSection/adverseEventsModule/otherEvents/7/stats/1/numAtRisk"",""/resultsSection/adverseEventsModule/otherEvents/7/stats/1/numEvents"",""/resultsSection/adverseEventsModule/otherEvents/7/term"",""/resultsSection/adverseEventsModule/otherEvents/70/sourceVocabulary"",""/resultsSection/adverseEventsModule/otherEvents/70/stats/0/numAffected"",""/resultsSection/adverseEventsModule/otherEvents/70/stats/0/numAtRisk"",""/resultsSection/adverseEventsModule/otherEvents/70/stats/0/numEvents"",""/resultsSection/adverseEventsModule/otherEvents/70/stats/1/numAffected"",""/resultsSection/adverseEventsModule/otherEvents/70/stats/1/numAtRisk"",""/resultsSection/adverseEventsModule/otherEvents/70/stats/1/numEvents"",""/resultsSection/adverseEventsModule/otherEvents/70/term"",""/resultsSection/adverseEventsModule/otherEvents/71/organSystem"",""/resultsSection/adverseEventsModule/otherEvents/71/sourceVocabulary"",""/resultsSection/adverseEventsModule/otherEvents/71/stats/0/numAffected"",""/resultsSection/adverseEventsModule/otherEvents/71/stats/0/numAtRisk"",""/resultsSection/adverseEventsModule/otherEvents/71/stats/0/numEvents"",""/resultsSection/adverseEventsModule/otherEvents/71/stats/1/numAffected"",""/resultsSection/adverseEventsModule/otherEvents/71/stats/1/numAtRisk"",""/resultsSection/adverseEventsModule/otherEvents/71/stats/1/numEvents"",""/resultsSection/adverseEventsModule/otherEvents/71/term"",""/resultsSection/adverseEventsModule/otherEvents/72/sourceVocabulary"",""/resultsSection/adverseEventsModule/otherEvents/72/stats/0/numAffected"",""/resultsSection/adverseEventsModule/otherEvents/72/stats/0/numAtRisk"",""/resultsSection/adverseEventsModule/otherEvents/72/stats/0/numEvents"",""/resultsSection/adverseEventsModule/otherEvents/72/stats/1/numAffected"",""/resultsSection/adverseEventsModule/otherEvents/72/stats/1/numAtRisk"",""/resultsSection/adverseEventsModule/otherEvents/72/stats/1/numEvents"",""/resultsSection/adverseEventsModule/otherEvents/72/term"",""/resultsSection/adverseEventsModule/otherEvents/73"",""/resultsSection/adverseEventsModule/otherEvents/8/sourceVocabulary"",""/resultsSection/adverseEventsModule/otherEvents/8/stats/0/numAffected"",""/resultsSection/adverseEventsModule/otherEvents/8/stats/0/numAtRisk"",""/resultsSection/adverseEventsModule/otherEvents/8/stats/0/numEvents"",""/resultsSection/adverseEventsModule/otherEvents/8/stats/1/numAffected"",""/resultsSection/adverseEventsModule/otherEvents/8/stats/1/numAtRisk"",""/resultsSection/adverseEventsModule/otherEvents/8/stats/1/numEvents"",""/resultsSection/adverseEventsModule/otherEvents/8/term"",""/resultsSection/adverseEventsModule/otherEvents/9/sourceVocabulary"",""/resultsSection/adverseEventsModule/otherEvents/9/stats/0/numAffected"",""/resultsSection/adverseEventsModule/otherEvents/9/stats/0/numAtRisk"",""/resultsSection/adverseEventsModule/otherEvents/9/stats/0/numEvents"",""/resultsSection/adverseEventsModule/otherEvents/9/stats/1/numAffected"",""/resultsSection/adverseEventsModule/otherEvents/9/stats/1/numAtRisk"",""/resultsSection/adverseEventsModule/otherEvents/9/stats/1/numEvents"",""/resultsSection/adverseEventsModule/otherEvents/9/term"",""/resultsSection/adverseEventsModule/seriousEvents/0/sourceVocabulary"",""/resultsSection/adverseEventsModule/seriousEvents/0/stats/0/numAffected"",""/resultsSection/adverseEventsModule/seriousEvents/0/stats/0/numAtRisk"",""/resultsSection/adverseEventsModule/seriousEvents/0/stats/0/numEvents"",""/resultsSection/adverseEventsModule/seriousEvents/0/stats/1/numAffected"",""/resultsSection/adverseEventsModule/seriousEvents/0/stats/1/numAtRisk"",""/resultsSection/adverseEventsModule/seriousEvents/0/stats/1/numEvents"",""/resultsSection/adverseEventsModule/seriousEvents/0/term"",""/resultsSection/adverseEventsModule/seriousEvents/1/sourceVocabulary"",""/resultsSection/adverseEventsModule/seriousEvents/1/stats/0/numAffected"",""/resultsSection/adverseEventsModule/seriousEvents/1/stats/0/numAtRisk"",""/resultsSection/adverseEventsModule/seriousEvents/1/stats/0/numEvents"",""/resultsSection/adverseEventsModule/seriousEvents/1/stats/1/numAffected"",""/resultsSection/adverseEventsModule/seriousEvents/1/stats/1/numAtRisk"",""/resultsSection/adverseEventsModule/seriousEvents/1/stats/1/numEvents"",""/resultsSection/adverseEventsModule/seriousEvents/1/term"",""/resultsSection/adverseEventsModule/seriousEvents/10/sourceVocabulary"",""/resultsSection/adverseEventsModule/seriousEvents/10/stats/0/numAffected"",""/resultsSection/adverseEventsModule/seriousEvents/10/stats/0/numAtRisk"",""/resultsSection/adverseEventsModule/seriousEvents/10/stats/0/numEvents"",""/resultsSection/adverseEventsModule/seriousEvents/10/stats/1/numAffected"",""/resultsSection/adverseEventsModule/seriousEvents/10/stats/1/numAtRisk"",""/resultsSection/adverseEventsModule/seriousEvents/10/stats/1/numEvents"",""/resultsSection/adverseEventsModule/seriousEvents/10/term"",""/resultsSection/adverseEventsModule/seriousEvents/11/sourceVocabulary"",""/resultsSection/adverseEventsModule/seriousEvents/11/stats/0/numAffected"",""/resultsSection/adverseEventsModule/seriousEvents/11/stats/0/numAtRisk"",""/resultsSection/adverseEventsModule/seriousEvents/11/stats/0/numEvents"",""/resultsSection/adverseEventsModule/seriousEvents/11/stats/1/numAffected"",""/resultsSection/adverseEventsModule/seriousEvents/11/stats/1/numAtRisk"",""/resultsSection/adverseEventsModule/seriousEvents/11/stats/1/numEvents"",""/resultsSection/adverseEventsModule/seriousEvents/11/term"",""/resultsSection/adverseEventsModule/seriousEvents/12/sourceVocabulary"",""/resultsSection/adverseEventsModule/seriousEvents/12/stats/0/numAffected"",""/resultsSection/adverseEventsModule/seriousEvents/12/stats/0/numAtRisk"",""/resultsSection/adverseEventsModule/seriousEvents/12/stats/0/numEvents"",""/resultsSection/adverseEventsModule/seriousEvents/12/stats/1/numAffected"",""/resultsSection/adverseEventsModule/seriousEvents/12/stats/1/numAtRisk"",""/resultsSection/adverseEventsModule/seriousEvents/12/stats/1/numEvents"",""/resultsSection/adverseEventsModule/seriousEvents/12/term"",""/resultsSection/adverseEventsModule/seriousEvents/13/sourceVocabulary"",""/resultsSection/adverseEventsModule/seriousEvents/13/stats/0/numAffected"",""/resultsSection/adverseEventsModule/seriousEvents/13/stats/0/numAtRisk"",""/resultsSection/adverseEventsModule/seriousEvents/13/stats/0/numEvents"",""/resultsSection/adverseEventsModule/seriousEvents/13/stats/1/numAffected"",""/resultsSection/adverseEventsModule/seriousEvents/13/stats/1/numAtRisk"",""/resultsSection/adverseEventsModule/seriousEvents/13/stats/1/numEvents"",""/resultsSection/adverseEventsModule/seriousEvents/13/term"",""/resultsSection/adverseEventsModule/seriousEvents/14/sourceVocabulary"",""/resultsSection/adverseEventsModule/seriousEvents/14/stats/0/numAffected"",""/resultsSection/adverseEventsModule/seriousEvents/14/stats/0/numAtRisk"",""/resultsSection/adverseEventsModule/seriousEvents/14/stats/0/numEvents"",""/resultsSection/adverseEventsModule/seriousEvents/14/stats/1/numAffected"",""/resultsSection/adverseEventsModule/seriousEvents/14/stats/1/numAtRisk"",""/resultsSection/adverseEventsModule/seriousEvents/14/stats/1/numEvents"",""/resultsSection/adverseEventsModule/seriousEvents/14/term"",""/resultsSection/adverseEventsModule/seriousEvents/15/sourceVocabulary"",""/resultsSection/adverseEventsModule/seriousEvents/15/stats/0/numAtRisk"",""/resultsSection/adverseEventsModule/seriousEvents/15/stats/1/numAtRisk"",""/resultsSection/adverseEventsModule/seriousEvents/15/term"",""/resultsSection/adverseEventsModule/seriousEvents/16/sourceVocabulary"",""/resultsSection/adverseEventsModule/seriousEvents/16/stats/0/numAffected"",""/resultsSection/adverseEventsModule/seriousEvents/16/stats/0/numAtRisk"",""/resultsSection/adverseEventsModule/seriousEvents/16/stats/0/numEvents"",""/resultsSection/adverseEventsModule/seriousEvents/16/stats/1/numAffected"",""/resultsSection/adverseEventsModule/seriousEvents/16/stats/1/numAtRisk"",""/resultsSection/adverseEventsModule/seriousEvents/16/stats/1/numEvents"",""/resultsSection/adverseEventsModule/seriousEvents/16/term"",""/resultsSection/adverseEventsModule/seriousEvents/17/sourceVocabulary"",""/resultsSection/adverseEventsModule/seriousEvents/17/stats/0/numAffected"",""/resultsSection/adverseEventsModule/seriousEvents/17/stats/0/numAtRisk"",""/resultsSection/adverseEventsModule/seriousEvents/17/stats/0/numEvents"",""/resultsSection/adverseEventsModule/seriousEvents/17/stats/1/numAffected"",""/resultsSection/adverseEventsModule/seriousEvents/17/stats/1/numAtRisk"",""/resultsSection/adverseEventsModule/seriousEvents/17/stats/1/numEvents"",""/resultsSection/adverseEventsModule/seriousEvents/17/term"",""/resultsSection/adverseEventsModule/seriousEvents/18/sourceVocabulary"",""/resultsSection/adverseEventsModule/seriousEvents/18/stats/0/numAffected"",""/resultsSection/adverseEventsModule/seriousEvents/18/stats/0/numAtRisk"",""/resultsSection/adverseEventsModule/seriousEvents/18/stats/0/numEvents"",""/resultsSection/adverseEventsModule/seriousEvents/18/stats/1/numAtRisk"",""/resultsSection/adverseEventsModule/seriousEvents/18/term"",""/resultsSection/adverseEventsModule/seriousEvents/19/organSystem"",""/resultsSection/adverseEventsModule/seriousEvents/19/sourceVocabulary"",""/resultsSection/adverseEventsModule/seriousEvents/19/stats/0/numAffected"",""/resultsSection/adverseEventsModule/seriousEvents/19/stats/0/numAtRisk"",""/resultsSection/adverseEventsModule/seriousEvents/19/stats/0/numEvents"",""/resultsSection/adverseEventsModule/seriousEvents/19/stats/1/numAffected"",""/resultsSection/adverseEventsModule/seriousEvents/19/stats/1/numAtRisk"",""/resultsSection/adverseEventsModule/seriousEvents/19/stats/1/numEvents"",""/resultsSection/adverseEventsModule/seriousEvents/19/term"",""/resultsSection/adverseEventsModule/seriousEvents/2/sourceVocabulary"",""/resultsSection/adverseEventsModule/seriousEvents/2/stats/0/numAffected"",""/resultsSection/adverseEventsModule/seriousEvents/2/stats/0/numAtRisk"",""/resultsSection/adverseEventsModule/seriousEvents/2/stats/0/numEvents"",""/resultsSection/adverseEventsModule/seriousEvents/2/stats/1/numAffected"",""/resultsSection/adverseEventsModule/seriousEvents/2/stats/1/numAtRisk"",""/resultsSection/adverseEventsModule/seriousEvents/2/stats/1/numEvents"",""/resultsSection/adverseEventsModule/seriousEvents/2/term"",""/resultsSection/adverseEventsModule/seriousEvents/20/organSystem"",""/resultsSection/adverseEventsModule/seriousEvents/20/sourceVocabulary"",""/resultsSection/adverseEventsModule/seriousEvents/20/stats/0/numAffected"",""/resultsSection/adverseEventsModule/seriousEvents/20/stats/0/numAtRisk"",""/resultsSection/adverseEventsModule/seriousEvents/20/stats/0/numEvents"",""/resultsSection/adverseEventsModule/seriousEvents/20/stats/1/numAffected"",""/resultsSection/adverseEventsModule/seriousEvents/20/stats/1/numAtRisk"",""/resultsSection/adverseEventsModule/seriousEvents/20/stats/1/numEvents"",""/resultsSection/adverseEventsModule/seriousEvents/20/term"",""/resultsSection/adverseEventsModule/seriousEvents/21/organSystem"",""/resultsSection/adverseEventsModule/seriousEvents/21/sourceVocabulary"",""/resultsSection/adverseEventsModule/seriousEvents/21/stats/0/numAtRisk"",""/resultsSection/adverseEventsModule/seriousEvents/21/stats/1/numAtRisk"",""/resultsSection/adverseEventsModule/seriousEvents/21/term"",""/resultsSection/adverseEventsModule/seriousEvents/22/sourceVocabulary"",""/resultsSection/adverseEventsModule/seriousEvents/22/stats/0/numAffected"",""/resultsSection/adverseEventsModule/seriousEvents/22/stats/0/numAtRisk"",""/resultsSection/adverseEventsModule/seriousEvents/22/stats/0/numEvents"",""/resultsSection/adverseEventsModule/seriousEvents/22/stats/1/numAffected"",""/resultsSection/adverseEventsModule/seriousEvents/22/stats/1/numAtRisk"",""/resultsSection/adverseEventsModule/seriousEvents/22/stats/1/numEvents"",""/resultsSection/adverseEventsModule/seriousEvents/22/term"",""/resultsSection/adverseEventsModule/seriousEvents/23/sourceVocabulary"",""/resultsSection/adverseEventsModule/seriousEvents/23/stats/0/numAtRisk"",""/resultsSection/adverseEventsModule/seriousEvents/23/stats/1/numAtRisk"",""/resultsSection/adverseEventsModule/seriousEvents/23/term"",""/resultsSection/adverseEventsModule/seriousEvents/24/sourceVocabulary"",""/resultsSection/adverseEventsModule/seriousEvents/24/stats/0/numAffected"",""/resultsSection/adverseEventsModule/seriousEvents/24/stats/0/numAtRisk"",""/resultsSection/adverseEventsModule/seriousEvents/24/stats/0/numEvents"",""/resultsSection/adverseEventsModule/seriousEvents/24/stats/1/numAffected"",""/resultsSection/adverseEventsModule/seriousEvents/24/stats/1/numAtRisk"",""/resultsSection/adverseEventsModule/seriousEvents/24/stats/1/numEvents"",""/resultsSection/adverseEventsModule/seriousEvents/24/term"",""/resultsSection/adverseEventsModule/seriousEvents/25/sourceVocabulary"",""/resultsSection/adverseEventsModule/seriousEvents/25/stats/0/numAffected"",""/resultsSection/adverseEventsModule/seriousEvents/25/stats/0/numAtRisk"",""/resultsSection/adverseEventsModule/seriousEvents/25/stats/0/numEvents"",""/resultsSection/adverseEventsModule/seriousEvents/25/stats/1/numAffected"",""/resultsSection/adverseEventsModule/seriousEvents/25/stats/1/numAtRisk"",""/resultsSection/adverseEventsModule/seriousEvents/25/stats/1/numEvents"",""/resultsSection/adverseEventsModule/seriousEvents/25/term"",""/resultsSection/adverseEventsModule/seriousEvents/26/sourceVocabulary"",""/resultsSection/adverseEventsModule/seriousEvents/26/stats/0/numAffected"",""/resultsSection/adverseEventsModule/seriousEvents/26/stats/0/numAtRisk"",""/resultsSection/adverseEventsModule/seriousEvents/26/stats/0/numEvents"",""/resultsSection/adverseEventsModule/seriousEvents/26/stats/1/numAffected"",""/resultsSection/adverseEventsModule/seriousEvents/26/stats/1/numAtRisk"",""/resultsSection/adverseEventsModule/seriousEvents/26/stats/1/numEvents"",""/resultsSection/adverseEventsModule/seriousEvents/26/term"",""/resultsSection/adverseEventsModule/seriousEvents/27/sourceVocabulary"",""/resultsSection/adverseEventsModule/seriousEvents/27/stats/0/numAffected"",""/resultsSection/adverseEventsModule/seriousEvents/27/stats/0/numAtRisk"",""/resultsSection/adverseEventsModule/seriousEvents/27/stats/0/numEvents"",""/resultsSection/adverseEventsModule/seriousEvents/27/stats/1/numAffected"",""/resultsSection/adverseEventsModule/seriousEvents/27/stats/1/numAtRisk"",""/resultsSection/adverseEventsModule/seriousEvents/27/stats/1/numEvents"",""/resultsSection/adverseEventsModule/seriousEvents/27/term"",""/resultsSection/adverseEventsModule/seriousEvents/28/sourceVocabulary"",""/resultsSection/adverseEventsModule/seriousEvents/28/stats/0/numAffected"",""/resultsSection/adverseEventsModule/seriousEvents/28/stats/0/numAtRisk"",""/resultsSection/adverseEventsModule/seriousEvents/28/stats/0/numEvents"",""/resultsSection/adverseEventsModule/seriousEvents/28/stats/1/numAffected"",""/resultsSection/adverseEventsModule/seriousEvents/28/stats/1/numAtRisk"",""/resultsSection/adverseEventsModule/seriousEvents/28/stats/1/numEvents"",""/resultsSection/adverseEventsModule/seriousEvents/28/term"",""/resultsSection/adverseEventsModule/seriousEvents/29/sourceVocabulary"",""/resultsSection/adverseEventsModule/seriousEvents/29/stats/0/numAffected"",""/resultsSection/adverseEventsModule/seriousEvents/29/stats/0/numAtRisk"",""/resultsSection/adverseEventsModule/seriousEvents/29/stats/0/numEvents"",""/resultsSection/adverseEventsModule/seriousEvents/29/stats/1/numAffected"",""/resultsSection/adverseEventsModule/seriousEvents/29/stats/1/numAtRisk"",""/resultsSection/adverseEventsModule/seriousEvents/29/stats/1/numEvents"",""/resultsSection/adverseEventsModule/seriousEvents/29/term"",""/resultsSection/adverseEventsModule/seriousEvents/3/sourceVocabulary"",""/resultsSection/adverseEventsModule/seriousEvents/3/stats/0/numAffected"",""/resultsSection/adverseEventsModule/seriousEvents/3/stats/0/numAtRisk"",""/resultsSection/adverseEventsModule/seriousEvents/3/stats/0/numEvents"",""/resultsSection/adverseEventsModule/seriousEvents/3/stats/1/numAffected"",""/resultsSection/adverseEventsModule/seriousEvents/3/stats/1/numAtRisk"",""/resultsSection/adverseEventsModule/seriousEvents/3/stats/1/numEvents"",""/resultsSection/adverseEventsModule/seriousEvents/3/term"",""/resultsSection/adverseEventsModule/seriousEvents/30/sourceVocabulary"",""/resultsSection/adverseEventsModule/seriousEvents/30/stats/0/numAtRisk"",""/resultsSection/adverseEventsModule/seriousEvents/30/stats/1/numAtRisk"",""/resultsSection/adverseEventsModule/seriousEvents/30/term"",""/resultsSection/adverseEventsModule/seriousEvents/31/sourceVocabulary"",""/resultsSection/adverseEventsModule/seriousEvents/31/stats/0/numAtRisk"",""/resultsSection/adverseEventsModule/seriousEvents/31/stats/1/numAtRisk"",""/resultsSection/adverseEventsModule/seriousEvents/31/term"",""/resultsSection/adverseEventsModule/seriousEvents/32/sourceVocabulary"",""/resultsSection/adverseEventsModule/seriousEvents/32/stats/0/numAffected"",""/resultsSection/adverseEventsModule/seriousEvents/32/stats/0/numAtRisk"",""/resultsSection/adverseEventsModule/seriousEvents/32/stats/0/numEvents"",""/resultsSection/adverseEventsModule/seriousEvents/32/stats/1/numAffected"",""/resultsSection/adverseEventsModule/seriousEvents/32/stats/1/numAtRisk"",""/resultsSection/adverseEventsModule/seriousEvents/32/stats/1/numEvents"",""/resultsSection/adverseEventsModule/seriousEvents/32/term"",""/resultsSection/adverseEventsModule/seriousEvents/33/sourceVocabulary"",""/resultsSection/adverseEventsModule/seriousEvents/33/stats/0/numAffected"",""/resultsSection/adverseEventsModule/seriousEvents/33/stats/0/numAtRisk"",""/resultsSection/adverseEventsModule/seriousEvents/33/stats/0/numEvents"",""/resultsSection/adverseEventsModule/seriousEvents/33/stats/1/numAffected"",""/resultsSection/adverseEventsModule/seriousEvents/33/stats/1/numAtRisk"",""/resultsSection/adverseEventsModule/seriousEvents/33/stats/1/numEvents"",""/resultsSection/adverseEventsModule/seriousEvents/33/term"",""/resultsSection/adverseEventsModule/seriousEvents/34/sourceVocabulary"",""/resultsSection/adverseEventsModule/seriousEvents/34/stats/0/numAffected"",""/resultsSection/adverseEventsModule/seriousEvents/34/stats/0/numAtRisk"",""/resultsSection/adverseEventsModule/seriousEvents/34/stats/0/numEvents"",""/resultsSection/adverseEventsModule/seriousEvents/34/stats/1/numAtRisk"",""/resultsSection/adverseEventsModule/seriousEvents/34/term"",""/resultsSection/adverseEventsModule/seriousEvents/35/sourceVocabulary"",""/resultsSection/adverseEventsModule/seriousEvents/35/stats/0/numAtRisk"",""/resultsSection/adverseEventsModule/seriousEvents/35/stats/1/numAffected"",""/resultsSection/adverseEventsModule/seriousEvents/35/stats/1/numAtRisk"",""/resultsSection/adverseEventsModule/seriousEvents/35/stats/1/numEvents"",""/resultsSection/adverseEventsModule/seriousEvents/35/term"",""/resultsSection/adverseEventsModule/seriousEvents/36/sourceVocabulary"",""/resultsSection/adverseEventsModule/seriousEvents/36/stats/0/numAtRisk"",""/resultsSection/adverseEventsModule/seriousEvents/36/stats/1/numAtRisk"",""/resultsSection/adverseEventsModule/seriousEvents/36/term"",""/resultsSection/adverseEventsModule/seriousEvents/37/sourceVocabulary"",""/resultsSection/adverseEventsModule/seriousEvents/37/stats/0/numAtRisk"",""/resultsSection/adverseEventsModule/seriousEvents/37/stats/1/numAtRisk"",""/resultsSection/adverseEventsModule/seriousEvents/37/term"",""/resultsSection/adverseEventsModule/seriousEvents/38/sourceVocabulary"",""/resultsSection/adverseEventsModule/seriousEvents/38/stats/0/numAffected"",""/resultsSection/adverseEventsModule/seriousEvents/38/stats/0/numAtRisk"",""/resultsSection/adverseEventsModule/seriousEvents/38/stats/0/numEvents"",""/resultsSection/adverseEventsModule/seriousEvents/38/stats/1/numAffected"",""/resultsSection/adverseEventsModule/seriousEvents/38/stats/1/numAtRisk"",""/resultsSection/adverseEventsModule/seriousEvents/38/stats/1/numEvents"",""/resultsSection/adverseEventsModule/seriousEvents/38/term"",""/resultsSection/adverseEventsModule/seriousEvents/39/sourceVocabulary"",""/resultsSection/adverseEventsModule/seriousEvents/39/stats/0/numAffected"",""/resultsSection/adverseEventsModule/seriousEvents/39/stats/0/numAtRisk"",""/resultsSection/adverseEventsModule/seriousEvents/39/stats/0/numEvents"",""/resultsSection/adverseEventsModule/seriousEvents/39/stats/1/numAffected"",""/resultsSection/adverseEventsModule/seriousEvents/39/stats/1/numAtRisk"",""/resultsSection/adverseEventsModule/seriousEvents/39/stats/1/numEvents"",""/resultsSection/adverseEventsModule/seriousEvents/39/term"",""/resultsSection/adverseEventsModule/seriousEvents/4/sourceVocabulary"",""/resultsSection/adverseEventsModule/seriousEvents/4/stats/0/numAtRisk"",""/resultsSection/adverseEventsModule/seriousEvents/4/stats/1/numAtRisk"",""/resultsSection/adverseEventsModule/seriousEvents/4/term"",""/resultsSection/adverseEventsModule/seriousEvents/40/sourceVocabulary"",""/resultsSection/adverseEventsModule/seriousEvents/40/stats/0/numAffected"",""/resultsSection/adverseEventsModule/seriousEvents/40/stats/0/numAtRisk"",""/resultsSection/adverseEventsModule/seriousEvents/40/stats/0/numEvents"",""/resultsSection/adverseEventsModule/seriousEvents/40/stats/1/numAffected"",""/resultsSection/adverseEventsModule/seriousEvents/40/stats/1/numAtRisk"",""/resultsSection/adverseEventsModule/seriousEvents/40/stats/1/numEvents"",""/resultsSection/adverseEventsModule/seriousEvents/40/term"",""/resultsSection/adverseEventsModule/seriousEvents/41/sourceVocabulary"",""/resultsSection/adverseEventsModule/seriousEvents/41/stats/0/numAffected"",""/resultsSection/adverseEventsModule/seriousEvents/41/stats/0/numAtRisk"",""/resultsSection/adverseEventsModule/seriousEvents/41/stats/0/numEvents"",""/resultsSection/adverseEventsModule/seriousEvents/41/stats/1/numAffected"",""/resultsSection/adverseEventsModule/seriousEvents/41/stats/1/numAtRisk"",""/resultsSection/adverseEventsModule/seriousEvents/41/stats/1/numEvents"",""/resultsSection/adverseEventsModule/seriousEvents/41/term"",""/resultsSection/adverseEventsModule/seriousEvents/42/organSystem"",""/resultsSection/adverseEventsModule/seriousEvents/42/sourceVocabulary"",""/resultsSection/adverseEventsModule/seriousEvents/42/stats/0/numAffected"",""/resultsSection/adverseEventsModule/seriousEvents/42/stats/0/numAtRisk"",""/resultsSection/adverseEventsModule/seriousEvents/42/stats/0/numEvents"",""/resultsSection/adverseEventsModule/seriousEvents/42/stats/1/numAffected"",""/resultsSection/adverseEventsModule/seriousEvents/42/stats/1/numAtRisk"",""/resultsSection/adverseEventsModule/seriousEvents/42/stats/1/numEvents"",""/resultsSection/adverseEventsModule/seriousEvents/42/term"",""/resultsSection/adverseEventsModule/seriousEvents/43/organSystem"",""/resultsSection/adverseEventsModule/seriousEvents/43/sourceVocabulary"",""/resultsSection/adverseEventsModule/seriousEvents/43/stats/0/numAffected"",""/resultsSection/adverseEventsModule/seriousEvents/43/stats/0/numAtRisk"",""/resultsSection/adverseEventsModule/seriousEvents/43/stats/0/numEvents"",""/resultsSection/adverseEventsModule/seriousEvents/43/stats/1/numAtRisk"",""/resultsSection/adverseEventsModule/seriousEvents/43/stats/1/numEvents"",""/resultsSection/adverseEventsModule/seriousEvents/43/term"",""/resultsSection/adverseEventsModule/seriousEvents/44/sourceVocabulary"",""/resultsSection/adverseEventsModule/seriousEvents/44/stats/0/numAtRisk"",""/resultsSection/adverseEventsModule/seriousEvents/44/stats/1/numAtRisk"",""/resultsSection/adverseEventsModule/seriousEvents/44/term"",""/resultsSection/adverseEventsModule/seriousEvents/45/sourceVocabulary"",""/resultsSection/adverseEventsModule/seriousEvents/45/stats/0/numAtRisk"",""/resultsSection/adverseEventsModule/seriousEvents/45/stats/0/numEvents"",""/resultsSection/adverseEventsModule/seriousEvents/45/stats/1/numAffected"",""/resultsSection/adverseEventsModule/seriousEvents/45/stats/1/numAtRisk"",""/resultsSection/adverseEventsModule/seriousEvents/45/stats/1/numEvents"",""/resultsSection/adverseEventsModule/seriousEvents/45/term"",""/resultsSection/adverseEventsModule/seriousEvents/46/sourceVocabulary"",""/resultsSection/adverseEventsModule/seriousEvents/46/stats/0/numAtRisk"",""/resultsSection/adverseEventsModule/seriousEvents/46/stats/1/numAtRisk"",""/resultsSection/adverseEventsModule/seriousEvents/46/term"",""/resultsSection/adverseEventsModule/seriousEvents/47/sourceVocabulary"",""/resultsSection/adverseEventsModule/seriousEvents/47/stats/0/numAtRisk"",""/resultsSection/adverseEventsModule/seriousEvents/47/stats/1/numAtRisk"",""/resultsSection/adverseEventsModule/seriousEvents/47/term"",""/resultsSection/adverseEventsModule/seriousEvents/48/organSystem"",""/resultsSection/adverseEventsModule/seriousEvents/48/sourceVocabulary"",""/resultsSection/adverseEventsModule/seriousEvents/48/stats/0/numAffected"",""/resultsSection/adverseEventsModule/seriousEvents/48/stats/0/numAtRisk"",""/resultsSection/adverseEventsModule/seriousEvents/48/stats/0/numEvents"",""/resultsSection/adverseEventsModule/seriousEvents/48/stats/1/numAffected"",""/resultsSection/adverseEventsModule/seriousEvents/48/stats/1/numAtRisk"",""/resultsSection/adverseEventsModule/seriousEvents/48/stats/1/numEvents"",""/resultsSection/adverseEventsModule/seriousEvents/48/term"",""/resultsSection/adverseEventsModule/seriousEvents/49/organSystem"",""/resultsSection/adverseEventsModule/seriousEvents/49/sourceVocabulary"",""/resultsSection/adverseEventsModule/seriousEvents/49/stats/0/numAtRisk"",""/resultsSection/adverseEventsModule/seriousEvents/49/stats/1/numAtRisk"",""/resultsSection/adverseEventsModule/seriousEvents/49/term"",""/resultsSection/adverseEventsModule/seriousEvents/5/sourceVocabulary"",""/resultsSection/adverseEventsModule/seriousEvents/5/stats/0/numAffected"",""/resultsSection/adverseEventsModule/seriousEvents/5/stats/0/numAtRisk"",""/resultsSection/adverseEventsModule/seriousEvents/5/stats/0/numEvents"",""/resultsSection/adverseEventsModule/seriousEvents/5/stats/1/numAffected"",""/resultsSection/adverseEventsModule/seriousEvents/5/stats/1/numAtRisk"",""/resultsSection/adverseEventsModule/seriousEvents/5/stats/1/numEvents"",""/resultsSection/adverseEventsModule/seriousEvents/5/term"",""/resultsSection/adverseEventsModule/seriousEvents/50/sourceVocabulary"",""/resultsSection/adverseEventsModule/seriousEvents/50/stats/0/numAffected"",""/resultsSection/adverseEventsModule/seriousEvents/50/stats/0/numAtRisk"",""/resultsSection/adverseEventsModule/seriousEvents/50/stats/0/numEvents"",""/resultsSection/adverseEventsModule/seriousEvents/50/stats/1/numAffected"",""/resultsSection/adverseEventsModule/seriousEvents/50/stats/1/numAtRisk"",""/resultsSection/adverseEventsModule/seriousEvents/50/stats/1/numEvents"",""/resultsSection/adverseEventsModule/seriousEvents/50/term"",""/resultsSection/adverseEventsModule/seriousEvents/51/sourceVocabulary"",""/resultsSection/adverseEventsModule/seriousEvents/51/stats/0/numAffected"",""/resultsSection/adverseEventsModule/seriousEvents/51/stats/0/numAtRisk"",""/resultsSection/adverseEventsModule/seriousEvents/51/stats/0/numEvents"",""/resultsSection/adverseEventsModule/seriousEvents/51/stats/1/numAffected"",""/resultsSection/adverseEventsModule/seriousEvents/51/stats/1/numAtRisk"",""/resultsSection/adverseEventsModule/seriousEvents/51/stats/1/numEvents"",""/resultsSection/adverseEventsModule/seriousEvents/51/term"",""/resultsSection/adverseEventsModule/seriousEvents/52/organSystem"",""/resultsSection/adverseEventsModule/seriousEvents/52/sourceVocabulary"",""/resultsSection/adverseEventsModule/seriousEvents/52/stats/0/numAffected"",""/resultsSection/adverseEventsModule/seriousEvents/52/stats/0/numAtRisk"",""/resultsSection/adverseEventsModule/seriousEvents/52/stats/0/numEvents"",""/resultsSection/adverseEventsModule/seriousEvents/52/stats/1/numAffected"",""/resultsSection/adverseEventsModule/seriousEvents/52/stats/1/numAtRisk"",""/resultsSection/adverseEventsModule/seriousEvents/52/stats/1/numEvents"",""/resultsSection/adverseEventsModule/seriousEvents/52/term"",""/resultsSection/adverseEventsModule/seriousEvents/53/organSystem"",""/resultsSection/adverseEventsModule/seriousEvents/53/sourceVocabulary"",""/resultsSection/adverseEventsModule/seriousEvents/53/stats/0/numAffected"",""/resultsSection/adverseEventsModule/seriousEvents/53/stats/0/numAtRisk"",""/resultsSection/adverseEventsModule/seriousEvents/53/stats/0/numEvents"",""/resultsSection/adverseEventsModule/seriousEvents/53/stats/1/numAffected"",""/resultsSection/adverseEventsModule/seriousEvents/53/stats/1/numAtRisk"",""/resultsSection/adverseEventsModule/seriousEvents/53/stats/1/numEvents"",""/resultsSection/adverseEventsModule/seriousEvents/53/term"",""/resultsSection/adverseEventsModule/seriousEvents/54/sourceVocabulary"",""/resultsSection/adverseEventsModule/seriousEvents/54/stats/0/numAffected"",""/resultsSection/adverseEventsModule/seriousEvents/54/stats/0/numAtRisk"",""/resultsSection/adverseEventsModule/seriousEvents/54/stats/0/numEvents"",""/resultsSection/adverseEventsModule/seriousEvents/54/stats/1/numAffected"",""/resultsSection/adverseEventsModule/seriousEvents/54/stats/1/numAtRisk"",""/resultsSection/adverseEventsModule/seriousEvents/54/stats/1/numEvents"",""/resultsSection/adverseEventsModule/seriousEvents/54/term"",""/resultsSection/adverseEventsModule/seriousEvents/55/sourceVocabulary"",""/resultsSection/adverseEventsModule/seriousEvents/55/stats/0/numAtRisk"",""/resultsSection/adverseEventsModule/seriousEvents/55/stats/1/numAtRisk"",""/resultsSection/adverseEventsModule/seriousEvents/55/term"",""/resultsSection/adverseEventsModule/seriousEvents/56/organSystem"",""/resultsSection/adverseEventsModule/seriousEvents/56/sourceVocabulary"",""/resultsSection/adverseEventsModule/seriousEvents/56/stats/0/numAffected"",""/resultsSection/adverseEventsModule/seriousEvents/56/stats/0/numAtRisk"",""/resultsSection/adverseEventsModule/seriousEvents/56/stats/0/numEvents"",""/resultsSection/adverseEventsModule/seriousEvents/56/stats/1/numAffected"",""/resultsSection/adverseEventsModule/seriousEvents/56/stats/1/numAtRisk"",""/resultsSection/adverseEventsModule/seriousEvents/56/stats/1/numEvents"",""/resultsSection/adverseEventsModule/seriousEvents/56/term"",""/resultsSection/adverseEventsModule/seriousEvents/57/organSystem"",""/resultsSection/adverseEventsModule/seriousEvents/57/sourceVocabulary"",""/resultsSection/adverseEventsModule/seriousEvents/57/stats/0/numAffected"",""/resultsSection/adverseEventsModule/seriousEvents/57/stats/0/numAtRisk"",""/resultsSection/adverseEventsModule/seriousEvents/57/stats/0/numEvents"",""/resultsSection/adverseEventsModule/seriousEvents/57/stats/1/numAffected"",""/resultsSection/adverseEventsModule/seriousEvents/57/stats/1/numAtRisk"",""/resultsSection/adverseEventsModule/seriousEvents/57/stats/1/numEvents"",""/resultsSection/adverseEventsModule/seriousEvents/57/term"",""/resultsSection/adverseEventsModule/seriousEvents/58/organSystem"",""/resultsSection/adverseEventsModule/seriousEvents/58/sourceVocabulary"",""/resultsSection/adverseEventsModule/seriousEvents/58/stats/0/numAtRisk"",""/resultsSection/adverseEventsModule/seriousEvents/58/stats/1/numAtRisk"",""/resultsSection/adverseEventsModule/seriousEvents/58/term"",""/resultsSection/adverseEventsModule/seriousEvents/59/sourceVocabulary"",""/resultsSection/adverseEventsModule/seriousEvents/59/stats/0/numAtRisk"",""/resultsSection/adverseEventsModule/seriousEvents/59/stats/1/numAffected"",""/resultsSection/adverseEventsModule/seriousEvents/59/stats/1/numAtRisk"",""/resultsSection/adverseEventsModule/seriousEvents/59/stats/1/numEvents"",""/resultsSection/adverseEventsModule/seriousEvents/59/term"",""/resultsSection/adverseEventsModule/seriousEvents/6/sourceVocabulary"",""/resultsSection/adverseEventsModule/seriousEvents/6/stats/0/numAffected"",""/resultsSection/adverseEventsModule/seriousEvents/6/stats/0/numAtRisk"",""/resultsSection/adverseEventsModule/seriousEvents/6/stats/0/numEvents"",""/resultsSection/adverseEventsModule/seriousEvents/6/stats/1/numAffected"",""/resultsSection/adverseEventsModule/seriousEvents/6/stats/1/numAtRisk"",""/resultsSection/adverseEventsModule/seriousEvents/6/stats/1/numEvents"",""/resultsSection/adverseEventsModule/seriousEvents/6/term"",""/resultsSection/adverseEventsModule/seriousEvents/60/sourceVocabulary"",""/resultsSection/adverseEventsModule/seriousEvents/60/stats/0/numAtRisk"",""/resultsSection/adverseEventsModule/seriousEvents/60/stats/1/numAtRisk"",""/resultsSection/adverseEventsModule/seriousEvents/60/term"",""/resultsSection/adverseEventsModule/seriousEvents/61/sourceVocabulary"",""/resultsSection/adverseEventsModule/seriousEvents/61/stats/0/numAffected"",""/resultsSection/adverseEventsModule/seriousEvents/61/stats/0/numAtRisk"",""/resultsSection/adverseEventsModule/seriousEvents/61/stats/0/numEvents"",""/resultsSection/adverseEventsModule/seriousEvents/61/stats/1/numAffected"",""/resultsSection/adverseEventsModule/seriousEvents/61/stats/1/numAtRisk"",""/resultsSection/adverseEventsModule/seriousEvents/61/stats/1/numEvents"",""/resultsSection/adverseEventsModule/seriousEvents/61/term"",""/resultsSection/adverseEventsModule/seriousEvents/62/organSystem"",""/resultsSection/adverseEventsModule/seriousEvents/62/sourceVocabulary"",""/resultsSection/adverseEventsModule/seriousEvents/62/stats/0/numAtRisk"",""/resultsSection/adverseEventsModule/seriousEvents/62/stats/1/numAtRisk"",""/resultsSection/adverseEventsModule/seriousEvents/62/term"",""/resultsSection/adverseEventsModule/seriousEvents/63/organSystem"",""/resultsSection/adverseEventsModule/seriousEvents/63/sourceVocabulary"",""/resultsSection/adverseEventsModule/seriousEvents/63/stats/0/numAffected"",""/resultsSection/adverseEventsModule/seriousEvents/63/stats/0/numAtRisk"",""/resultsSection/adverseEventsModule/seriousEvents/63/stats/0/numEvents"",""/resultsSection/adverseEventsModule/seriousEvents/63/stats/1/numAffected"",""/resultsSection/adverseEventsModule/seriousEvents/63/stats/1/numAtRisk"",""/resultsSection/adverseEventsModule/seriousEvents/63/stats/1/numEvents"",""/resultsSection/adverseEventsModule/seriousEvents/63/term"",""/resultsSection/adverseEventsModule/seriousEvents/64/organSystem"",""/resultsSection/adverseEventsModule/seriousEvents/64/sourceVocabulary"",""/resultsSection/adverseEventsModule/seriousEvents/64/stats/0/numAffected"",""/resultsSection/adverseEventsModule/seriousEvents/64/stats/0/numAtRisk"",""/resultsSection/adverseEventsModule/seriousEvents/64/stats/0/numEvents"",""/resultsSection/adverseEventsModule/seriousEvents/64/stats/1/numAffected"",""/resultsSection/adverseEventsModule/seriousEvents/64/stats/1/numAtRisk"",""/resultsSection/adverseEventsModule/seriousEvents/64/stats/1/numEvents"",""/resultsSection/adverseEventsModule/seriousEvents/64/term"",""/resultsSection/adverseEventsModule/seriousEvents/65/sourceVocabulary"",""/resultsSection/adverseEventsModule/seriousEvents/65/stats/0/numAffected"",""/resultsSection/adverseEventsModule/seriousEvents/65/stats/0/numAtRisk"",""/resultsSection/adverseEventsModule/seriousEvents/65/stats/0/numEvents"",""/resultsSection/adverseEventsModule/seriousEvents/65/stats/1/numAtRisk"",""/resultsSection/adverseEventsModule/seriousEvents/65/term"",""/resultsSection/adverseEventsModule/seriousEvents/66/sourceVocabulary"",""/resultsSection/adverseEventsModule/seriousEvents/66/stats/0/numAtRisk"",""/resultsSection/adverseEventsModule/seriousEvents/66/stats/1/numAffected"",""/resultsSection/adverseEventsModule/seriousEvents/66/stats/1/numAtRisk"",""/resultsSection/adverseEventsModule/seriousEvents/66/stats/1/numEvents"",""/resultsSection/adverseEventsModule/seriousEvents/66/term"",""/resultsSection/adverseEventsModule/seriousEvents/67/sourceVocabulary"",""/resultsSection/adverseEventsModule/seriousEvents/67/stats/0/numAtRisk"",""/resultsSection/adverseEventsModule/seriousEvents/67/stats/1/numAffected"",""/resultsSection/adverseEventsModule/seriousEvents/67/stats/1/numAtRisk"",""/resultsSection/adverseEventsModule/seriousEvents/67/stats/1/numEvents"",""/resultsSection/adverseEventsModule/seriousEvents/67/term"",""/resultsSection/adverseEventsModule/seriousEvents/68/sourceVocabulary"",""/resultsSection/adverseEventsModule/seriousEvents/68/stats/0/numAffected"",""/resultsSection/adverseEventsModule/seriousEvents/68/stats/0/numAtRisk"",""/resultsSection/adverseEventsModule/seriousEvents/68/stats/0/numEvents"",""/resultsSection/adverseEventsModule/seriousEvents/68/stats/1/numAtRisk"",""/resultsSection/adverseEventsModule/seriousEvents/68/term"",""/resultsSection/adverseEventsModule/seriousEvents/69/sourceVocabulary"",""/resultsSection/adverseEventsModule/seriousEvents/69/stats/0/numAffected"",""/resultsSection/adverseEventsModule/seriousEvents/69/stats/0/numAtRisk"",""/resultsSection/adverseEventsModule/seriousEvents/69/stats/0/numEvents"",""/resultsSection/adverseEventsModule/seriousEvents/69/stats/1/numAffected"",""/resultsSection/adverseEventsModule/seriousEvents/69/stats/1/numAtRisk"",""/resultsSection/adverseEventsModule/seriousEvents/69/stats/1/numEvents"",""/resultsSection/adverseEventsModule/seriousEvents/69/term"",""/resultsSection/adverseEventsModule/seriousEvents/7/sourceVocabulary"",""/resultsSection/adverseEventsModule/seriousEvents/7/stats/0/numAffected"",""/resultsSection/adverseEventsModule/seriousEvents/7/stats/0/numAtRisk"",""/resultsSection/adverseEventsModule/seriousEvents/7/stats/0/numEvents"",""/resultsSection/adverseEventsModule/seriousEvents/7/stats/1/numAffected"",""/resultsSection/adverseEventsModule/seriousEvents/7/stats/1/numAtRisk"",""/resultsSection/adverseEventsModule/seriousEvents/7/stats/1/numEvents"",""/resultsSection/adverseEventsModule/seriousEvents/7/term"",""/resultsSection/adverseEventsModule/seriousEvents/70/organSystem"",""/resultsSection/adverseEventsModule/seriousEvents/70/sourceVocabulary"",""/resultsSection/adverseEventsModule/seriousEvents/70/stats/0/numAffected"",""/resultsSection/adverseEventsModule/seriousEvents/70/stats/0/numAtRisk"",""/resultsSection/adverseEventsModule/seriousEvents/70/stats/0/numEvents"",""/resultsSection/adverseEventsModule/seriousEvents/70/stats/1/numAffected"",""/resultsSection/adverseEventsModule/seriousEvents/70/stats/1/numAtRisk"",""/resultsSection/adverseEventsModule/seriousEvents/70/stats/1/numEvents"",""/resultsSection/adverseEventsModule/seriousEvents/70/term"",""/resultsSection/adverseEventsModule/seriousEvents/71/organSystem"",""/resultsSection/adverseEventsModule/seriousEvents/71/sourceVocabulary"",""/resultsSection/adverseEventsModule/seriousEvents/71/stats/0/numAffected"",""/resultsSection/adverseEventsModule/seriousEvents/71/stats/0/numAtRisk"",""/resultsSection/adverseEventsModule/seriousEvents/71/stats/0/numEvents"",""/resultsSection/adverseEventsModule/seriousEvents/71/stats/1/numAffected"",""/resultsSection/adverseEventsModule/seriousEvents/71/stats/1/numAtRisk"",""/resultsSection/adverseEventsModule/seriousEvents/71/stats/1/numEvents"",""/resultsSection/adverseEventsModule/seriousEvents/71/term"",""/resultsSection/adverseEventsModule/seriousEvents/72/organSystem"",""/resultsSection/adverseEventsModule/seriousEvents/72/sourceVocabulary"",""/resultsSection/adverseEventsModule/seriousEvents/72/stats/0/numAffected"",""/resultsSection/adverseEventsModule/seriousEvents/72/stats/0/numAtRisk"",""/resultsSection/adverseEventsModule/seriousEvents/72/stats/0/numEvents"",""/resultsSection/adverseEventsModule/seriousEvents/72/stats/1/numAffected"",""/resultsSection/adverseEventsModule/seriousEvents/72/stats/1/numAtRisk"",""/resultsSection/adverseEventsModule/seriousEvents/72/stats/1/numEvents"",""/resultsSection/adverseEventsModule/seriousEvents/72/term"",""/resultsSection/adverseEventsModule/seriousEvents/73/organSystem"",""/resultsSection/adverseEventsModule/seriousEvents/73/sourceVocabulary"",""/resultsSection/adverseEventsModule/seriousEvents/73/stats/0/numAtRisk"",""/resultsSection/adverseEventsModule/seriousEvents/73/stats/1/numAtRisk"",""/resultsSection/adverseEventsModule/seriousEvents/73/term"",""/resultsSection/adverseEventsModule/seriousEvents/74"",""/resultsSection/adverseEventsModule/seriousEvents/75"",""/resultsSection/adverseEventsModule/seriousEvents/8/sourceVocabulary"",""/resultsSection/adverseEventsModule/seriousEvents/8/stats/0/numAffected"",""/resultsSection/adverseEventsModule/seriousEvents/8/stats/0/numAtRisk"",""/resultsSection/adverseEventsModule/seriousEvents/8/stats/0/numEvents"",""/resultsSection/adverseEventsModule/seriousEvents/8/stats/1/numAffected"",""/resultsSection/adverseEventsModule/seriousEvents/8/stats/1/numAtRisk"",""/resultsSection/adverseEventsModule/seriousEvents/8/stats/1/numEvents"",""/resultsSection/adverseEventsModule/seriousEvents/8/term"",""/resultsSection/adverseEventsModule/seriousEvents/9/sourceVocabulary"",""/resultsSection/adverseEventsModule/seriousEvents/9/stats/0/numAffected"",""/resultsSection/adverseEventsModule/seriousEvents/9/stats/0/numAtRisk"",""/resultsSection/adverseEventsModule/seriousEvents/9/stats/0/numEvents"",""/resultsSection/adverseEventsModule/seriousEvents/9/stats/1/numAffected"",""/resultsSection/adverseEventsModule/seriousEvents/9/stats/1/numAtRisk"",""/resultsSection/adverseEventsModule/seriousEvents/9/stats/1/numEvents"",""/resultsSection/adverseEventsModule/seriousEvents/9/term"",""/resultsSection/adverseEventsModule/timeFrame"",""/resultsSection/moreInfoModule/limitationsAndCaveats"",""/resultsSection/outcomeMeasuresModule/outcomeMeasures/0/analyses/0/groupDescription"",""/resultsSection/outcomeMeasuresModule/outcomeMeasures/0/analyses/0/paramType"",""/resultsSection/outcomeMeasuresModule/outcomeMeasures/0/timeFrame"",""/resultsSection/outcomeMeasuresModule/outcomeMeasures/1/analyses/0/groupDescription"",""/resultsSection/outcomeMeasuresModule/outcomeMeasures/1/analyses/0/pValueComment"",""/resultsSection/outcomeMeasuresModule/outcomeMeasures/1/timeFrame"",""/resultsSection/outcomeMeasuresModule/outcomeMeasures/10/anticipatedPostingDate"",""/resultsSection/outcomeMeasuresModule/outcomeMeasures/10/classes"",""/resultsSection/outcomeMeasuresModule/outcomeMeasures/10/denomUnitsSelected"",""/resultsSection/outcomeMeasuresModule/outcomeMeasures/10/denoms"",""/resultsSection/outcomeMeasuresModule/outcomeMeasures/10/description"",""/resultsSection/outcomeMeasuresModule/outcomeMeasures/10/groups"",""/resultsSection/outcomeMeasuresModule/outcomeMeasures/10/paramType"",""/resultsSection/outcomeMeasuresModule/outcomeMeasures/10/populationDescription"",""/resultsSection/outcomeMeasuresModule/outcomeMeasures/10/reportingStatus"",""/resultsSection/outcomeMeasuresModule/outcomeMeasures/10/timeFrame"",""/resultsSection/outcomeMeasuresModule/outcomeMeasures/10/title"",""/resultsSection/outcomeMeasuresModule/outcomeMeasures/10/unitOfMeasure"",""/resultsSection/outcomeMeasuresModule/outcomeMeasures/2/analyses"",""/resultsSection/outcomeMeasuresModule/outcomeMeasures/2/anticipatedPostingDate"",""/resultsSection/outcomeMeasuresModule/outcomeMeasures/2/classes"",""/resultsSection/outcomeMeasuresModule/outcomeMeasures/2/denomUnitsSelected"",""/resultsSection/outcomeMeasuresModule/outcomeMeasures/2/denoms"",""/resultsSection/outcomeMeasuresModule/outcomeMeasures/2/description"",""/resultsSection/outcomeMeasuresModule/outcomeMeasures/2/dispersionType"",""/resultsSection/outcomeMeasuresModule/outcomeMeasures/2/groups"",""/resultsSection/outcomeMeasuresModule/outcomeMeasures/2/paramType"",""/resultsSection/outcomeMeasuresModule/outcomeMeasures/2/populationDescription"",""/resultsSection/outcomeMeasuresModule/outcomeMeasures/2/reportingStatus"",""/resultsSection/outcomeMeasuresModule/outcomeMeasures/2/timeFrame"",""/resultsSection/outcomeMeasuresModule/outcomeMeasures/2/unitOfMeasure"",""/resultsSection/outcomeMeasuresModule/outcomeMeasures/3/analyses"",""/resultsSection/outcomeMeasuresModule/outcomeMeasures/3/anticipatedPostingDate"",""/resultsSection/outcomeMeasuresModule/outcomeMeasures/3/classes"",""/resultsSection/outcomeMeasuresModule/outcomeMeasures/3/denomUnitsSelected"",""/resultsSection/outcomeMeasuresModule/outcomeMeasures/3/denoms"",""/resultsSection/outcomeMeasuresModule/outcomeMeasures/3/description"",""/resultsSection/outcomeMeasuresModule/outcomeMeasures/3/dispersionType"",""/resultsSection/outcomeMeasuresModule/outcomeMeasures/3/groups"",""/resultsSection/outcomeMeasuresModule/outcomeMeasures/3/paramType"",""/resultsSection/outcomeMeasuresModule/outcomeMeasures/3/populationDescription"",""/resultsSection/outcomeMeasuresModule/outcomeMeasures/3/reportingStatus"",""/resultsSection/outcomeMeasuresModule/outcomeMeasures/3/timeFrame"",""/resultsSection/outcomeMeasuresModule/outcomeMeasures/3/unitOfMeasure"",""/resultsSection/outcomeMeasuresModule/outcomeMeasures/4/analyses"",""/resultsSection/outcomeMeasuresModule/outcomeMeasures/4/anticipatedPostingDate"",""/resultsSection/outcomeMeasuresModule/outcomeMeasures/4/classes"",""/resultsSection/outcomeMeasuresModule/outcomeMeasures/4/denomUnitsSelected"",""/resultsSection/outcomeMeasuresModule/outcomeMeasures/4/denoms"",""/resultsSection/outcomeMeasuresModule/outcomeMeasures/4/description"",""/resultsSection/outcomeMeasuresModule/outcomeMeasures/4/dispersionType"",""/resultsSection/outcomeMeasuresModule/outcomeMeasures/4/groups"",""/resultsSection/outcomeMeasuresModule/outcomeMeasures/4/paramType"",""/resultsSection/outcomeMeasuresModule/outcomeMeasures/4/populationDescription"",""/resultsSection/outcomeMeasuresModule/outcomeMeasures/4/reportingStatus"",""/resultsSection/outcomeMeasuresModule/outcomeMeasures/4/timeFrame"",""/resultsSection/outcomeMeasuresModule/outcomeMeasures/4/unitOfMeasure"",""/resultsSection/outcomeMeasuresModule/outcomeMeasures/5/analyses"",""/resultsSection/outcomeMeasuresModule/outcomeMeasures/5/anticipatedPostingDate"",""/resultsSection/outcomeMeasuresModule/outcomeMeasures/5/classes"",""/resultsSection/outcomeMeasuresModule/outcomeMeasures/5/denomUnitsSelected"",""/resultsSection/outcomeMeasuresModule/outcomeMeasures/5/denoms"",""/resultsSection/outcomeMeasuresModule/outcomeMeasures/5/description"",""/resultsSection/outcomeMeasuresModule/outcomeMeasures/5/dispersionType"",""/resultsSection/outcomeMeasuresModule/outcomeMeasures/5/groups"",""/resultsSection/outcomeMeasuresModule/outcomeMeasures/5/paramType"",""/resultsSection/outcomeMeasuresModule/outcomeMeasures/5/populationDescription"",""/resultsSection/outcomeMeasuresModule/outcomeMeasures/5/reportingStatus"",""/resultsSection/outcomeMeasuresModule/outcomeMeasures/5/timeFrame"",""/resultsSection/outcomeMeasuresModule/outcomeMeasures/5/unitOfMeasure"",""/resultsSection/outcomeMeasuresModule/outcomeMeasures/6/analyses"",""/resultsSection/outcomeMeasuresModule/outcomeMeasures/6/anticipatedPostingDate"",""/resultsSection/outcomeMeasuresModule/outcomeMeasures/6/classes"",""/resultsSection/outcomeMeasuresModule/outcomeMeasures/6/denomUnitsSelected"",""/resultsSection/outcomeMeasuresModule/outcomeMeasures/6/denoms"",""/resultsSection/outcomeMeasuresModule/outcomeMeasures/6/dispersionType"",""/resultsSection/outcomeMeasuresModule/outcomeMeasures/6/groups"",""/resultsSection/outcomeMeasuresModule/outcomeMeasures/6/paramType"",""/resultsSection/outcomeMeasuresModule/outcomeMeasures/6/populationDescription"",""/resultsSection/outcomeMeasuresModule/outcomeMeasures/6/reportingStatus"",""/resultsSection/outcomeMeasuresModule/outcomeMeasures/6/timeFrame"",""/resultsSection/outcomeMeasuresModule/outcomeMeasures/6/unitOfMeasure"",""/resultsSection/outcomeMeasuresModule/outcomeMeasures/7/analyses"",""/resultsSection/outcomeMeasuresModule/outcomeMeasures/7/anticipatedPostingDate"",""/resultsSection/outcomeMeasuresModule/outcomeMeasures/7/classes"",""/resultsSection/outcomeMeasuresModule/outcomeMeasures/7/denomUnitsSelected"",""/resultsSection/outcomeMeasuresModule/outcomeMeasures/7/denoms"",""/resultsSection/outcomeMeasuresModule/outcomeMeasures/7/dispersionType"",""/resultsSection/outcomeMeasuresModule/outcomeMeasures/7/groups"",""/resultsSection/outcomeMeasuresModule/outcomeMeasures/7/paramType"",""/resultsSection/outcomeMeasuresModule/outcomeMeasures/7/populationDescription"",""/resultsSection/outcomeMeasuresModule/outcomeMeasures/7/reportingStatus"",""/resultsSection/outcomeMeasuresModule/outcomeMeasures/7/timeFrame"",""/resultsSection/outcomeMeasuresModule/outcomeMeasures/7/unitOfMeasure"",""/resultsSection/outcomeMeasuresModule/outcomeMeasures/8/anticipatedPostingDate"",""/resultsSection/outcomeMeasuresModule/outcomeMeasures/8/classes"",""/resultsSection/outcomeMeasuresModule/outcomeMeasures/8/denomUnitsSelected"",""/resultsSection/outcomeMeasuresModule/outcomeMeasures/8/denoms"",""/resultsSection/outcomeMeasuresModule/outcomeMeasures/8/description"",""/resultsSection/outcomeMeasuresModule/outcomeMeasures/8/dispersionType"",""/resultsSection/outcomeMeasuresModule/outcomeMeasures/8/groups"",""/resultsSection/outcomeMeasuresModule/outcomeMeasures/8/paramType"",""/resultsSection/outcomeMeasuresModule/outcomeMeasures/8/populationDescription"",""/resultsSection/outcomeMeasuresModule/outcomeMeasures/8/reportingStatus"",""/resultsSection/outcomeMeasuresModule/outcomeMeasures/8/timeFrame"",""/resultsSection/outcomeMeasuresModule/outcomeMeasures/8/unitOfMeasure"",""/resultsSection/outcomeMeasuresModule/outcomeMeasures/9/anticipatedPostingDate"",""/resultsSection/outcomeMeasuresModule/outcomeMeasures/9/classes"",""/resultsSection/outcomeMeasuresModule/outcomeMeasures/9/denomUnitsSelected"",""/resultsSection/outcomeMeasuresModule/outcomeMeasures/9/denoms"",""/resultsSection/outcomeMeasuresModule/outcomeMeasures/9/description"",""/resultsSection/outcomeMeasuresModule/outcomeMeasures/9/dispersionType"",""/resultsSection/outcomeMeasuresModule/outcomeMeasures/9/groups"",""/resultsSection/outcomeMeasuresModule/outcomeMeasures/9/paramType"",""/resultsSection/outcomeMeasuresModule/outcomeMeasures/9/populationDescription"",""/resultsSection/outcomeMeasuresModule/outcomeMeasures/9/reportingStatus"",""/resultsSection/outcomeMeasuresModule/outcomeMeasures/9/timeFrame"",""/resultsSection/outcomeMeasuresModule/outcomeMeasures/9/unitOfMeasure"",""/resultsSection/participantFlowModule/periods/0/dropWithdraws/0/reasons/0/numSubjects"",""/resultsSection/participantFlowModule/periods/0/dropWithdraws/0/reasons/1/numSubjects"",""/resultsSection/participantFlowModule/periods/0/dropWithdraws/1/reasons/0/numSubjects"",""/resultsSection/participantFlowModule/periods/0/dropWithdraws/1/reasons/1/numSubjects"",""/resultsSection/participantFlowModule/periods/0/dropWithdraws/2/reasons/0/numSubjects"",""/resultsSection/participantFlowModule/periods/0/dropWithdraws/3/reasons/0/numSubjects"",""/resultsSection/participantFlowModule/periods/0/dropWithdraws/3/reasons/1/numSubjects"",""/resultsSection/participantFlowModule/periods/0/dropWithdraws/4"",""/resultsSection/participantFlowModule/periods/0/milestones/1/achievements/0/numSubjects"",""/resultsSection/participantFlowModule/periods/0/milestones/1/achievements/1/numSubjects"",""/resultsSection/participantFlowModule/periods/0/milestones/2/achievements/0/numSubjects"",""/resultsSection/participantFlowModule/periods/0/milestones/2/achievements/1/numSubjects""]|34a04a589ddb381d50f453385a9880e53f73b6a4be256e32dfa3618eb9b70807",critical,NCT03197935,45,46,2023-10-17,primary_outcome_change,evt_NCT03197935_v45_v46_f446330c74a2,6362893d6b94a9974a297557bb9e9f69f614eb780e0ff731b9baad78cd32f6d9,10
497,critical-011,"NCT01441947|4|5|arm_intervention_change|critical|[""/protocolSection/armsInterventionsModule/interventions/0/description"",""/protocolSection/armsInterventionsModule/interventions/0/name"",""/protocolSection/descriptionModule/briefSummary"",""/protocolSection/descriptionModule/detailedDescription"",""/protocolSection/eligibilityModule/eligibilityCriteria"",""/protocolSection/statusModule/lastUpdatePostDateStruct/date"",""/protocolSection/statusModule/lastUpdateSubmitDate"",""/protocolSection/statusModule/statusVerifiedDate""]|a397010b43136d499045559e2bde0c1d1703d033c0e94c69534d32ea96040ba6",critical,NCT01441947,4,5,2013-06-10,arm_intervention_change,evt_NCT01441947_v4_v5_b347463adba0,6382df7d73b852efb738f8a0aa1b3e17885959d3fc14374b16e78f6f0b3e5f5d,11
530,critical-012,"NCT02942355|4|5|arm_intervention_change|critical|[""/protocolSection/armsInterventionsModule/armGroups/1/label"",""/protocolSection/armsInterventionsModule/interventions/0/armGroupLabels/1"",""/protocolSection/armsInterventionsModule/interventions/1/armGroupLabels/1"",""/protocolSection/statusModule/completionDateStruct/date"",""/protocolSection/statusModule/lastUpdatePostDateStruct/date"",""/protocolSection/statusModule/lastUpdateSubmitDate"",""/protocolSection/statusModule/primaryCompletionDateStruct/date"",""/protocolSection/statusModule/startDateStruct/date"",""/protocolSection/statusModule/startDateStruct/type"",""/protocolSection/statusModule/statusVerifiedDate""]|f76f56fbd984ca993d72ad70e8a385b5a7c9ab5902b29a3ee0a4d8d08dc25c11",critical,NCT02942355,4,5,2018-05-23,arm_intervention_change,evt_NCT02942355_v4_v5_1624b8a0021f,6b51dc553d65ac842d3455d1f9be6b9eff0ce3f123a0d950b0e70acc94e72c8c,12
538,critical-013,"NCT02942355|26|27|timeline_major_slip|critical|[""/protocolSection/statusModule/completionDateStruct/date"",""/protocolSection/statusModule/lastUpdatePostDateStruct/date"",""/protocolSection/statusModule/lastUpdateSubmitDate"",""/protocolSection/statusModule/primaryCompletionDateStruct/date"",""/protocolSection/statusModule/statusVerifiedDate""]|5effc9843d09a5edc67dfd50a6c7276f8e99d43bbb69794ba62a622fbe424471",critical,NCT02942355,26,27,2026-05-04,timeline_major_slip,evt_NCT02942355_v26_v27_f30d5b213a35,6d3fe3fcfb9795d536e90b5db4f1d15f4d252cdd9cb793a6354855c5eb191c6b,13
495,critical-014,"NCT00337649|81|82|primary_outcome_change|critical|[""/protocolSection/armsInterventionsModule/armGroups/0/label"",""/protocolSection/armsInterventionsModule/armGroups/1"",""/protocolSection/armsInterventionsModule/interventions/0/armGroupLabels/0"",""/protocolSection/armsInterventionsModule/interventions/0/armGroupLabels/1"",""/protocolSection/armsInterventionsModule/interventions/0/description"",""/protocolSection/armsInterventionsModule/interventions/0/otherNames"",""/protocolSection/armsInterventionsModule/interventions/1/armGroupLabels/0"",""/protocolSection/armsInterventionsModule/interventions/1/armGroupLabels/1"",""/protocolSection/armsInterventionsModule/interventions/1/description"",""/protocolSection/armsInterventionsModule/interventions/1/otherNames"",""/protocolSection/designModule/designInfo/interventionModel"",""/protocolSection/designModule/phases/0"",""/protocolSection/identificationModule/briefTitle"",""/protocolSection/identificationModule/officialTitle"",""/protocolSection/outcomesModule/primaryOutcomes/0/measure"",""/protocolSection/outcomesModule/primaryOutcomes/0/timeFrame"",""/protocolSection/outcomesModule/primaryOutcomes/1"",""/protocolSection/outcomesModule/secondaryOutcomes/0/measure"",""/protocolSection/outcomesModule/secondaryOutcomes/0/timeFrame"",""/protocolSection/outcomesModule/secondaryOutcomes/1/measure"",""/protocolSection/outcomesModule/secondaryOutcomes/1/timeFrame"",""/protocolSection/outcomesModule/secondaryOutcomes/2"",""/protocolSection/outcomesModule/secondaryOutcomes/3"",""/protocolSection/statusModule/completionDateStruct/date"",""/protocolSection/statusModule/lastUpdatePostDateStruct/date"",""/protocolSection/statusModule/lastUpdatePostDateStruct/type"",""/protocolSection/statusModule/lastUpdateSubmitDate"",""/protocolSection/statusModule/primaryCompletionDateStruct/date"",""/protocolSection/statusModule/statusVerifiedDate""]|7f5e9bdaadbc31b6144e069827895e4e4c605fbcf2f7a595f6a3b2e111fb20cb",critical,NCT00337649,81,82,2023-04-27,primary_outcome_change,evt_NCT00337649_v81_v82_792c68180615,73578bc5b5753facae1d2e50a9786e6a6521f7beceb88b2e88035b5db310cd33,14
601,critical-015,"NCT06214793|0|1|design_change|critical|[""/protocolSection/descriptionModule/detailedDescription"",""/protocolSection/designModule/designInfo/interventionModelDescription"",""/protocolSection/statusModule/lastUpdatePostDateStruct/date"",""/protocolSection/statusModule/lastUpdateSubmitDate"",""/protocolSection/statusModule/statusVerifiedDate""]|e9be60f6b3ca8f1dff9caae12e7c24418fb327243483582ae32e134c40abe78b",critical,NCT06214793,0,1,2024-02-21,design_change,evt_NCT06214793_v0_v1_13205bad498b,7479292aef22a4445900be54b78fffae205b0bc9df3cb373aebdd65d32d6c349,15
490,critical-016,"NCT00337649|19|20|primary_outcome_change|critical|[""/protocolSection/armsInterventionsModule/armGroups"",""/protocolSection/armsInterventionsModule/interventions/0/armGroupLabels"",""/protocolSection/armsInterventionsModule/interventions/0/description"",""/protocolSection/armsInterventionsModule/interventions/1"",""/protocolSection/contactsLocationsModule/overallOfficials"",""/protocolSection/descriptionModule/briefSummary"",""/protocolSection/designModule/enrollmentInfo"",""/protocolSection/outcomesModule/primaryOutcomes/0/measure"",""/protocolSection/outcomesModule/primaryOutcomes/0/timeFrame"",""/protocolSection/outcomesModule/secondaryOutcomes/0/measure"",""/protocolSection/outcomesModule/secondaryOutcomes/0/timeFrame"",""/protocolSection/outcomesModule/secondaryOutcomes/1"",""/protocolSection/sponsorCollaboratorsModule/responsibleParty"",""/protocolSection/statusModule/expandedAccessInfo"",""/protocolSection/statusModule/lastUpdatePostDateStruct/date"",""/protocolSection/statusModule/lastUpdateSubmitDate"",""/protocolSection/statusModule/statusVerifiedDate""]|7644096c92df4de863ddccbd15a82235a9b550b039263a5caa8fbaa44cab0285",critical,NCT00337649,19,20,2008-01-18,primary_outcome_change,evt_NCT00337649_v19_v20_c909feb56bd7,809130fd81e6bf3cc7f743d7a9446134de76a022b2890323fbdee67da0b2b96b,16
582,critical-017,"NCT04754399|5|6|primary_outcome_change|critical|[""/annotationSection"",""/documentSection"",""/hasResults"",""/protocolSection/outcomesModule/primaryOutcomes/0/measure"",""/protocolSection/outcomesModule/secondaryOutcomes/0/measure"",""/protocolSection/outcomesModule/secondaryOutcomes/1/measure"",""/protocolSection/outcomesModule/secondaryOutcomes/2/measure"",""/protocolSection/outcomesModule/secondaryOutcomes/3/measure"",""/protocolSection/outcomesModule/secondaryOutcomes/4/measure"",""/protocolSection/statusModule/expandedAccessInfo"",""/protocolSection/statusModule/lastUpdatePostDateStruct/date"",""/protocolSection/statusModule/lastUpdateSubmitDate"",""/protocolSection/statusModule/resultsFirstSubmitDate"",""/protocolSection/statusModule/statusVerifiedDate"",""/resultsSection""]|41eff0230183158840158e25ab7edce1174a66a49d9a82d9146eb84f09dabec1",critical,NCT04754399,5,6,2024-09-26,primary_outcome_change,evt_NCT04754399_v5_v6_b771bc8b911e,8528d967e8fa7ab356184cd3eb2b60b55f19a36deb803e5f0496fbc466228c96,17
588,critical-018,"NCT05180006|1|2|design_change|critical|[""/protocolSection/armsInterventionsModule/armGroups/1/description"",""/protocolSection/armsInterventionsModule/armGroups/2/description"",""/protocolSection/armsInterventionsModule/armGroups/3/description"",""/protocolSection/armsInterventionsModule/armGroups/5/description"",""/protocolSection/armsInterventionsModule/interventions/0/description"",""/protocolSection/armsInterventionsModule/interventions/1/description"",""/protocolSection/contactsLocationsModule/centralContacts/0/email"",""/protocolSection/contactsLocationsModule/centralContacts/0/name"",""/protocolSection/contactsLocationsModule/centralContacts/0/phoneExt"",""/protocolSection/contactsLocationsModule/centralContacts/1"",""/protocolSection/contactsLocationsModule/locations/0/contacts/0/email"",""/protocolSection/contactsLocationsModule/locations/0/contacts/0/name"",""/protocolSection/contactsLocationsModule/locations/0/contacts/0/phoneExt"",""/protocolSection/contactsLocationsModule/overallOfficials/0/name"",""/protocolSection/descriptionModule/briefSummary"",""/protocolSection/descriptionModule/detailedDescription"",""/protocolSection/designModule/designInfo/interventionModelDescription"",""/protocolSection/eligibilityModule/eligibilityCriteria"",""/protocolSection/statusModule/lastUpdatePostDateStruct/date"",""/protocolSection/statusModule/lastUpdateSubmitDate"",""/protocolSection/statusModule/statusVerifiedDate""]|5a76a98c4a19025f9b057f0e8ae8c37fe9872a44b5bb918785f9af90c7d60726",critical,NCT05180006,1,2,2023-03-16,design_change,evt_NCT05180006_v1_v2_476c555bf107,9030815f46f0271515f232dbece04e2ea9f39775fd8d3da77df139d7fbf2d6b7,18
509,critical-019,"NCT01441947|17|18|primary_outcome_change|critical|[""/annotationSection"",""/documentSection"",""/hasResults"",""/protocolSection/armsInterventionsModule/armGroups/0/description"",""/protocolSection/armsInterventionsModule/armGroups/0/interventionNames/1"",""/protocolSection/armsInterventionsModule/armGroups/0/label"",""/protocolSection/armsInterventionsModule/armGroups/1"",""/protocolSection/armsInterventionsModule/interventions/0/armGroupLabels/0"",""/protocolSection/armsInterventionsModule/interventions/0/description"",""/protocolSection/armsInterventionsModule/interventions/1/description"",""/protocolSection/designModule/designInfo/allocation"",""/protocolSection/designModule/designInfo/interventionModel"",""/protocolSection/outcomesModule/primaryOutcomes/0/description"",""/protocolSection/outcomesModule/secondaryOutcomes/0/description"",""/protocolSection/outcomesModule/secondaryOutcomes/0/measure"",""/protocolSection/outcomesModule/secondaryOutcomes/1/description"",""/protocolSection/outcomesModule/secondaryOutcomes/1/timeFrame"",""/protocolSection/outcomesModule/secondaryOutcomes/2/description"",""/protocolSection/outcomesModule/secondaryOutcomes/2/timeFrame"",""/protocolSection/oversightModule/isFdaRegulatedDrug"",""/protocolSection/statusModule/completionDateStruct/date"",""/protocolSection/statusModule/completionDateStruct/type"",""/protocolSection/statusModule/lastUpdatePostDateStruct/date"",""/protocolSection/statusModule/lastUpdateSubmitDate"",""/protocolSection/statusModule/overallStatus"",""/protocolSection/statusModule/primaryCompletionDateStruct/date"",""/protocolSection/statusModule/resultsFirstPostDateStruct"",""/protocolSection/statusModule/resultsFirstSubmitDate"",""/protocolSection/statusModule/resultsFirstSubmitQcDate"",""/protocolSection/statusModule/startDateStruct/type"",""/protocolSection/statusModule/statusVerifiedDate"",""/resultsSection""]|f3729d533f10f4c0175be418f35a8a52aa9e4dfee4e5a3b9d7a5509bab260537",critical,NCT01441947,17,18,2025-05-22,primary_outcome_change,evt_NCT01441947_v17_v18_3fe7ef2f3e11,978f6f8587580e313e745dd2ede58137b22d3ad874acba37e2adfe6b65909128,19
603,critical-020,"NCT06214793|3|4|status_termination|critical|[""/protocolSection/contactsLocationsModule/centralContacts"",""/protocolSection/contactsLocationsModule/locations/0/contacts"",""/protocolSection/contactsLocationsModule/locations/1/contacts"",""/protocolSection/statusModule/lastUpdatePostDateStruct/date"",""/protocolSection/statusModule/lastUpdateSubmitDate"",""/protocolSection/statusModule/overallStatus"",""/protocolSection/statusModule/statusVerifiedDate"",""/protocolSection/statusModule/whyStopped""]|b8550a9df23365512e846cf545565a459d2aa70972bc0ebc58229c5149cdb988",critical,NCT06214793,3,4,2024-08-07,status_termination,evt_NCT06214793_v3_v4_7afe1e848f5b,9ca383f9d408b395e52e27d86c9ed05408e7e773ab0302beb71f8e884258a4b0,20
558,critical-021,"NCT03477019|1|2|design_change|critical|[""/protocolSection/armsInterventionsModule/armGroups/0/interventionNames/0"",""/protocolSection/armsInterventionsModule/armGroups/0/interventionNames/1"",""/protocolSection/armsInterventionsModule/armGroups/1/interventionNames"",""/protocolSection/armsInterventionsModule/armGroups/1/type"",""/protocolSection/armsInterventionsModule/armGroups/2/interventionNames/0"",""/protocolSection/armsInterventionsModule/armGroups/2/interventionNames/1"",""/protocolSection/armsInterventionsModule/armGroups/3/interventionNames"",""/protocolSection/armsInterventionsModule/armGroups/3/type"",""/protocolSection/armsInterventionsModule/interventions/0/armGroupLabels/0"",""/protocolSection/armsInterventionsModule/interventions/0/armGroupLabels/2"",""/protocolSection/armsInterventionsModule/interventions/0/description"",""/protocolSection/armsInterventionsModule/interventions/0/name"",""/protocolSection/armsInterventionsModule/interventions/0/otherNames"",""/protocolSection/armsInterventionsModule/interventions/0/type"",""/protocolSection/armsInterventionsModule/interventions/1"",""/protocolSection/conditionsModule/keywords/0"",""/protocolSection/conditionsModule/keywords/1"",""/protocolSection/conditionsModule/keywords/3"",""/protocolSection/conditionsModule/keywords/5"",""/protocolSection/designModule/enrollmentInfo/count"",""/protocolSection/designModule/phases/0"",""/protocolSection/designModule/phases/1"",""/protocolSection/eligibilityModule/eligibilityCriteria"",""/protocolSection/eligibilityModule/maximumAge"",""/protocolSection/identificationModule/secondaryIdInfos"",""/protocolSection/outcomesModule/secondaryOutcomes"",""/protocolSection/statusModule/completionDateStruct/date"",""/protocolSection/statusModule/lastUpdatePostDateStruct/date"",""/protocolSection/statusModule/lastUpdateSubmitDate"",""/protocolSection/statusModule/primaryCompletionDateStruct/date"",""/protocolSection/statusModule/startDateStruct/date""]|2282199f1c0cb7f14a02af8134aa626345240f5f8c70595cee377b88b5e9c739",critical,NCT03477019,1,2,2018-09-07,design_change,evt_NCT03477019_v1_v2_5943f51f7aeb,b41b28a0d11c3a4f67852c8e1cf89c71c742a57a0f8979dcb1e484ddd8e78930,21
541,critical-022,"NCT03197935|19|20|enrollment_change|critical|[""/protocolSection/contactsLocationsModule/centralContacts"",""/protocolSection/contactsLocationsModule/locations/0/status"",""/protocolSection/contactsLocationsModule/locations/1/status"",""/protocolSection/contactsLocationsModule/locations/10/city"",""/protocolSection/contactsLocationsModule/locations/10/facility"",""/protocolSection/contactsLocationsModule/locations/10/geoPoint/lat"",""/protocolSection/contactsLocationsModule/locations/10/geoPoint/lon"",""/protocolSection/contactsLocationsModule/locations/10/state"",""/protocolSection/contactsLocationsModule/locations/10/status"",""/protocolSection/contactsLocationsModule/locations/10/zip"",""/protocolSection/contactsLocationsModule/locations/11/city"",""/protocolSection/contactsLocationsModule/locations/11/facility"",""/protocolSection/contactsLocationsModule/locations/11/geoPoint/lat"",""/protocolSection/contactsLocationsModule/locations/11/geoPoint/lon"",""/protocolSection/contactsLocationsModule/locations/11/state"",""/protocolSection/contactsLocationsModule/locations/11/status"",""/protocolSection/contactsLocationsModule/locations/11/zip"",""/protocolSection/contactsLocationsModule/locations/12/city"",""/protocolSection/contactsLocationsModule/locations/12/facility"",""/protocolSection/contactsLocationsModule/locations/12/geoPoint/lat"",""/protocolSection/contactsLocationsModule/locations/12/geoPoint/lon"",""/protocolSection/contactsLocationsModule/locations/12/state"",""/protocolSection/contactsLocationsModule/locations/12/status"",""/protocolSection/contactsLocationsModule/locations/12/zip"",""/protocolSection/contactsLocationsModule/locations/13/city"",""/protocolSection/contactsLocationsModule/locations/13/facility"",""/protocolSection/contactsLocationsModule/locations/13/geoPoint/lat"",""/protocolSection/contactsLocationsModule/locations/13/geoPoint/lon"",""/protocolSection/contactsLocationsModule/locations/13/state"",""/protocolSection/contactsLocationsModule/locations/13/status"",""/protocolSection/contactsLocationsModule/locations/13/zip"",""/protocolSection/contactsLocationsModule/locations/14/city"",""/protocolSection/contactsLocationsModule/locations/14/facility"",""/protocolSection/contactsLocationsModule/locations/14/geoPoint/lat"",""/protocolSection/contactsLocationsModule/locations/14/geoPoint/lon"",""/protocolSection/contactsLocationsModule/locations/14/state"",""/protocolSection/contactsLocationsModule/locations/14/status"",""/protocolSection/contactsLocationsModule/locations/14/zip"",""/protocolSection/contactsLocationsModule/locations/15/city"",""/protocolSection/contactsLocationsModule/locations/15/facility"",""/protocolSection/contactsLocationsModule/locations/15/geoPoint/lat"",""/protocolSection/contactsLocationsModule/locations/15/geoPoint/lon"",""/protocolSection/contactsLocationsModule/locations/15/state"",""/protocolSection/contactsLocationsModule/locations/15/status"",""/protocolSection/contactsLocationsModule/locations/15/zip"",""/protocolSection/contactsLocationsModule/locations/16/city"",""/protocolSection/contactsLocationsModule/locations/16/facility"",""/protocolSection/contactsLocationsModule/locations/16/geoPoint/lat"",""/protocolSection/contactsLocationsModule/locations/16/geoPoint/lon"",""/protocolSection/contactsLocationsModule/locations/16/state"",""/protocolSection/contactsLocationsModule/locations/16/status"",""/protocolSection/contactsLocationsModule/locations/16/zip"",""/protocolSection/contactsLocationsModule/locations/17/city"",""/protocolSection/contactsLocationsModule/locations/17/facility"",""/protocolSection/contactsLocationsModule/locations/17/geoPoint/lat"",""/protocolSection/contactsLocationsModule/locations/17/geoPoint/lon"",""/protocolSection/contactsLocationsModule/locations/17/state"",""/protocolSection/contactsLocationsModule/locations/17/status"",""/protocolSection/contactsLocationsModule/locations/17/zip"",""/protocolSection/contactsLocationsModule/locations/18/city"",""/protocolSection/contactsLocationsModule/locations/18/country"",""/protocolSection/contactsLocationsModule/locations/18/facility"",""/protocolSection/contactsLocationsModule/locations/18/geoPoint/lat"",""/protocolSection/contactsLocationsModule/locations/18/geoPoint/lon"",""/protocolSection/contactsLocationsModule/locations/18/state"",""/protocolSection/contactsLocationsModule/locations/18/status"",""/protocolSection/contactsLocationsModule/locations/18/zip"",""/protocolSection/contactsLocationsModule/locations/19/city"",""/protocolSection/contactsLocationsModule/locations/19/country"",""/protocolSection/contactsLocationsModule/locations/19/facility"",""/protocolSection/contactsLocationsModule/locations/19/geoPoint/lat"",""/protocolSection/contactsLocationsModule/locations/19/geoPoint/lon"",""/protocolSection/contactsLocationsModule/locations/19/state"",""/protocolSection/contactsLocationsModule/locations/19/status"",""/protocolSection/contactsLocationsModule/locations/19/zip"",""/protocolSection/contactsLocationsModule/locations/2/city"",""/protocolSection/contactsLocationsModule/locations/2/facility"",""/protocolSection/contactsLocationsModule/locations/2/geoPoint/lat"",""/protocolSection/contactsLocationsModule/locations/2/geoPoint/lon"",""/protocolSection/contactsLocationsModule/locations/2/state"",""/protocolSection/contactsLocationsModule/locations/2/status"",""/protocolSection/contactsLocationsModule/locations/2/zip"",""/protocolSection/contactsLocationsModule/locations/20/city"",""/protocolSection/contactsLocationsModule/locations/20/country"",""/protocolSection/contactsLocationsModule/locations/20/facility"",""/protocolSection/contactsLocationsModule/locations/20/geoPoint/lat"",""/protocolSection/contactsLocationsModule/locations/20/geoPoint/lon"",""/protocolSection/contactsLocationsModule/locations/20/state"",""/protocolSection/contactsLocationsModule/locations/20/status"",""/protocolSection/contactsLocationsModule/locations/20/zip"",""/protocolSection/contactsLocationsModule/locations/21/city"",""/protocolSection/contactsLocationsModule/locations/21/country"",""/protocolSection/contactsLocationsModule/locations/21/facility"",""/protocolSection/contactsLocationsModule/locations/21/geoPoint/lat"",""/protocolSection/contactsLocationsModule/locations/21/geoPoint/lon"",""/protocolSection/contactsLocationsModule/locations/21/state"",""/protocolSection/contactsLocationsModule/locations/21/status"",""/protocolSection/contactsLocationsModule/locations/21/zip"",""/protocolSection/contactsLocationsModule/locations/22/city"",""/protocolSection/contactsLocationsModule/locations/22/country"",""/protocolSection/contactsLocationsModule/locations/22/facility"",""/protocolSection/contactsLocationsModule/locations/22/geoPoint/lat"",""/protocolSection/contactsLocationsModule/locations/22/geoPoint/lon"",""/protocolSection/contactsLocationsModule/locations/22/state"",""/protocolSection/contactsLocationsModule/locations/22/status"",""/protocolSection/contactsLocationsModule/locations/22/zip"",""/protocolSection/contactsLocationsModule/locations/23/city"",""/protocolSection/contactsLocationsModule/locations/23/country"",""/protocolSection/contactsLocationsModule/locations/23/facility"",""/protocolSection/contactsLocationsModule/locations/23/geoPoint/lat"",""/protocolSection/contactsLocationsModule/locations/23/geoPoint/lon"",""/protocolSection/contactsLocationsModule/locations/23/state"",""/protocolSection/contactsLocationsModule/locations/23/status"",""/protocolSection/contactsLocationsModule/locations/23/zip"",""/protocolSection/contactsLocationsModule/locations/24/city"",""/protocolSection/contactsLocationsModule/locations/24/country"",""/protocolSection/contactsLocationsModule/locations/24/facility"",""/protocolSection/contactsLocationsModule/locations/24/geoPoint/lat"",""/protocolSection/contactsLocationsModule/locations/24/geoPoint/lon"",""/protocolSection/contactsLocationsModule/locations/24/state"",""/protocolSection/contactsLocationsModule/locations/24/status"",""/protocolSection/contactsLocationsModule/locations/24/zip"",""/protocolSection/contactsLocationsModule/locations/25/city"",""/protocolSection/contactsLocationsModule/locations/25/country"",""/protocolSection/contactsLocationsModule/locations/25/facility"",""/protocolSection/contactsLocationsModule/locations/25/geoPoint/lat"",""/protocolSection/contactsLocationsModule/locations/25/geoPoint/lon"",""/protocolSection/contactsLocationsModule/locations/25/state"",""/protocolSection/contactsLocationsModule/locations/25/status"",""/protocolSection/contactsLocationsModule/locations/25/zip"",""/protocolSection/contactsLocationsModule/locations/26/city"",""/protocolSection/contactsLocationsModule/locations/26/country"",""/protocolSection/contactsLocationsModule/locations/26/facility"",""/protocolSection/contactsLocationsModule/locations/26/geoPoint/lat"",""/protocolSection/contactsLocationsModule/locations/26/geoPoint/lon"",""/protocolSection/contactsLocationsModule/locations/26/state"",""/protocolSection/contactsLocationsModule/locations/26/status"",""/protocolSection/contactsLocationsModule/locations/26/zip"",""/protocolSection/contactsLocationsModule/locations/27/city"",""/protocolSection/contactsLocationsModule/locations/27/country"",""/protocolSection/contactsLocationsModule/locations/27/facility"",""/protocolSection/contactsLocationsModule/locations/27/geoPoint/lat"",""/protocolSection/contactsLocationsModule/locations/27/geoPoint/lon"",""/protocolSection/contactsLocationsModule/locations/27/state"",""/protocolSection/contactsLocationsModule/locations/27/status"",""/protocolSection/contactsLocationsModule/locations/27/zip"",""/protocolSection/contactsLocationsModule/locations/28/city"",""/protocolSection/contactsLocationsModule/locations/28/country"",""/protocolSection/contactsLocationsModule/locations/28/facility"",""/protocolSection/contactsLocationsModule/locations/28/geoPoint/lat"",""/protocolSection/contactsLocationsModule/locations/28/geoPoint/lon"",""/protocolSection/contactsLocationsModule/locations/28/state"",""/protocolSection/contactsLocationsModule/locations/28/status"",""/protocolSection/contactsLocationsModule/locations/28/zip"",""/protocolSection/contactsLocationsModule/locations/29/city"",""/protocolSection/contactsLocationsModule/locations/29/country"",""/protocolSection/contactsLocationsModule/locations/29/facility"",""/protocolSection/contactsLocationsModule/locations/29/geoPoint/lat"",""/protocolSection/contactsLocationsModule/locations/29/geoPoint/lon"",""/protocolSection/contactsLocationsModule/locations/29/state"",""/protocolSection/contactsLocationsModule/locations/29/status"",""/protocolSection/contactsLocationsModule/locations/29/zip"",""/protocolSection/contactsLocationsModule/locations/3/city"",""/protocolSection/contactsLocationsModule/locations/3/facility"",""/protocolSection/contactsLocationsModule/locations/3/geoPoint/lat"",""/protocolSection/contactsLocationsModule/locations/3/geoPoint/lon"",""/protocolSection/contactsLocationsModule/locations/3/state"",""/protocolSection/contactsLocationsModule/locations/3/status"",""/protocolSection/contactsLocationsModule/locations/3/zip"",""/protocolSection/contactsLocationsModule/locations/30/city"",""/protocolSection/contactsLocationsModule/locations/30/facility"",""/protocolSection/contactsLocationsModule/locations/30/geoPoint/lat"",""/protocolSection/contactsLocationsModule/locations/30/geoPoint/lon"",""/protocolSection/contactsLocationsModule/locations/30/state"",""/protocolSection/contactsLocationsModule/locations/30/status"",""/protocolSection/contactsLocationsModule/locations/30/zip"",""/protocolSection/contactsLocationsModule/locations/31/city"",""/protocolSection/contactsLocationsModule/locations/31/facility"",""/protocolSection/contactsLocationsModule/locations/31/geoPoint/lat"",""/protocolSection/contactsLocationsModule/locations/31/geoPoint/lon"",""/protocolSection/contactsLocationsModule/locations/31/state"",""/protocolSection/contactsLocationsModule/locations/31/status"",""/protocolSection/contactsLocationsModule/locations/31/zip"",""/protocolSection/contactsLocationsModule/locations/32/city"",""/protocolSection/contactsLocationsModule/locations/32/facility"",""/protocolSection/contactsLocationsModule/locations/32/geoPoint/lat"",""/protocolSection/contactsLocationsModule/locations/32/geoPoint/lon"",""/protocolSection/contactsLocationsModule/locations/32/state"",""/protocolSection/contactsLocationsModule/locations/32/status"",""/protocolSection/contactsLocationsModule/locations/32/zip"",""/protocolSection/contactsLocationsModule/locations/33/city"",""/protocolSection/contactsLocationsModule/locations/33/facility"",""/protocolSection/contactsLocationsModule/locations/33/geoPoint/lat"",""/protocolSection/contactsLocationsModule/locations/33/geoPoint/lon"",""/protocolSection/contactsLocationsModule/locations/33/state"",""/protocolSection/contactsLocationsModule/locations/33/status"",""/protocolSection/contactsLocationsModule/locations/33/zip"",""/protocolSection/contactsLocationsModule/locations/34/city"",""/protocolSection/contactsLocationsModule/locations/34/country"",""/protocolSection/contactsLocationsModule/locations/34/facility"",""/protocolSection/contactsLocationsModule/locations/34/geoPoint/lat"",""/protocolSection/contactsLocationsModule/locations/34/geoPoint/lon"",""/protocolSection/contactsLocationsModule/locations/34/state"",""/protocolSection/contactsLocationsModule/locations/34/status"",""/protocolSection/contactsLocationsModule/locations/34/zip"",""/protocolSection/contactsLocationsModule/locations/35/city"",""/protocolSection/contactsLocationsModule/locations/35/country"",""/protocolSection/contactsLocationsModule/locations/35/facility"",""/protocolSection/contactsLocationsModule/locations/35/geoPoint/lat"",""/protocolSection/contactsLocationsModule/locations/35/geoPoint/lon"",""/protocolSection/contactsLocationsModule/locations/35/state"",""/protocolSection/contactsLocationsModule/locations/35/status"",""/protocolSection/contactsLocationsModule/locations/35/zip"",""/protocolSection/contactsLocationsModule/locations/36/city"",""/protocolSection/contactsLocationsModule/locations/36/country"",""/protocolSection/contactsLocationsModule/locations/36/facility"",""/protocolSection/contactsLocationsModule/locations/36/geoPoint/lat"",""/protocolSection/contactsLocationsModule/locations/36/geoPoint/lon"",""/protocolSection/contactsLocationsModule/locations/36/state"",""/protocolSection/contactsLocationsModule/locations/36/status"",""/protocolSection/contactsLocationsModule/locations/36/zip"",""/protocolSection/contactsLocationsModule/locations/37/city"",""/protocolSection/contactsLocationsModule/locations/37/country"",""/protocolSection/contactsLocationsModule/locations/37/facility"",""/protocolSection/contactsLocationsModule/locations/37/geoPoint/lat"",""/protocolSection/contactsLocationsModule/locations/37/geoPoint/lon"",""/protocolSection/contactsLocationsModule/locations/37/state"",""/protocolSection/contactsLocationsModule/locations/37/status"",""/protocolSection/contactsLocationsModule/locations/37/zip"",""/protocolSection/contactsLocationsModule/locations/38/city"",""/protocolSection/contactsLocationsModule/locations/38/country"",""/protocolSection/contactsLocationsModule/locations/38/facility"",""/protocolSection/contactsLocationsModule/locations/38/geoPoint/lat"",""/protocolSection/contactsLocationsModule/locations/38/geoPoint/lon"",""/protocolSection/contactsLocationsModule/locations/38/state"",""/protocolSection/contactsLocationsModule/locations/38/status"",""/protocolSection/contactsLocationsModule/locations/38/zip"",""/protocolSection/contactsLocationsModule/locations/39/city"",""/protocolSection/contactsLocationsModule/locations/39/country"",""/protocolSection/contactsLocationsModule/locations/39/facility"",""/protocolSection/contactsLocationsModule/locations/39/geoPoint/lat"",""/protocolSection/contactsLocationsModule/locations/39/geoPoint/lon"",""/protocolSection/contactsLocationsModule/locations/39/state"",""/protocolSection/contactsLocationsModule/locations/39/status"",""/protocolSection/contactsLocationsModule/locations/39/zip"",""/protocolSection/contactsLocationsModule/locations/4/city"",""/protocolSection/contactsLocationsModule/locations/4/facility"",""/protocolSection/contactsLocationsModule/locations/4/geoPoint/lat"",""/protocolSection/contactsLocationsModule/locations/4/geoPoint/lon"",""/protocolSection/contactsLocationsModule/locations/4/state"",""/protocolSection/contactsLocationsModule/locations/4/status"",""/protocolSection/contactsLocationsModule/locations/4/zip"",""/protocolSection/contactsLocationsModule/locations/40/city"",""/protocolSection/contactsLocationsModule/locations/40/country"",""/protocolSection/contactsLocationsModule/locations/40/facility"",""/protocolSection/contactsLocationsModule/locations/40/geoPoint/lat"",""/protocolSection/contactsLocationsModule/locations/40/geoPoint/lon"",""/protocolSection/contactsLocationsModule/locations/40/state"",""/protocolSection/contactsLocationsModule/locations/40/status"",""/protocolSection/contactsLocationsModule/locations/40/zip"",""/protocolSection/contactsLocationsModule/locations/41/city"",""/protocolSection/contactsLocationsModule/locations/41/country"",""/protocolSection/contactsLocationsModule/locations/41/facility"",""/protocolSection/contactsLocationsModule/locations/41/geoPoint/lat"",""/protocolSection/contactsLocationsModule/locations/41/geoPoint/lon"",""/protocolSection/contactsLocationsModule/locations/41/state"",""/protocolSection/contactsLocationsModule/locations/41/status"",""/protocolSection/contactsLocationsModule/locations/41/zip"",""/protocolSection/contactsLocationsModule/locations/42/city"",""/protocolSection/contactsLocationsModule/locations/42/country"",""/protocolSection/contactsLocationsModule/locations/42/facility"",""/protocolSection/contactsLocationsModule/locations/42/geoPoint/lat"",""/protocolSection/contactsLocationsModule/locations/42/geoPoint/lon"",""/protocolSection/contactsLocationsModule/locations/42/state"",""/protocolSection/contactsLocationsModule/locations/42/status"",""/protocolSection/contactsLocationsModule/locations/42/zip"",""/protocolSection/contactsLocationsModule/locations/43/city"",""/protocolSection/contactsLocationsModule/locations/43/country"",""/protocolSection/contactsLocationsModule/locations/43/facility"",""/protocolSection/contactsLocationsModule/locations/43/geoPoint/lat"",""/protocolSection/contactsLocationsModule/locations/43/geoPoint/lon"",""/protocolSection/contactsLocationsModule/locations/43/state"",""/protocolSection/contactsLocationsModule/locations/43/status"",""/protocolSection/contactsLocationsModule/locations/43/zip"",""/protocolSection/contactsLocationsModule/locations/44/city"",""/protocolSection/contactsLocationsModule/locations/44/facility"",""/protocolSection/contactsLocationsModule/locations/44/geoPoint/lat"",""/protocolSection/contactsLocationsModule/locations/44/geoPoint/lon"",""/protocolSection/contactsLocationsModule/locations/44/status"",""/protocolSection/contactsLocationsModule/locations/44/zip"",""/protocolSection/contactsLocationsModule/locations/45/city"",""/protocolSection/contactsLocationsModule/locations/45/facility"",""/protocolSection/contactsLocationsModule/locations/45/geoPoint/lat"",""/protocolSection/contactsLocationsModule/locations/45/geoPoint/lon"",""/protocolSection/contactsLocationsModule/locations/45/status"",""/protocolSection/contactsLocationsModule/locations/45/zip"",""/protocolSection/contactsLocationsModule/locations/46/city"",""/protocolSection/contactsLocationsModule/locations/46/facility"",""/protocolSection/contactsLocationsModule/locations/46/geoPoint/lat"",""/protocolSection/contactsLocationsModule/locations/46/geoPoint/lon"",""/protocolSection/contactsLocationsModule/locations/46/status"",""/protocolSection/contactsLocationsModule/locations/46/zip"",""/protocolSection/contactsLocationsModule/locations/47/city"",""/protocolSection/contactsLocationsModule/locations/47/facility"",""/protocolSection/contactsLocationsModule/locations/47/geoPoint/lat"",""/protocolSection/contactsLocationsModule/locations/47/geoPoint/lon"",""/protocolSection/contactsLocationsModule/locations/47/status"",""/protocolSection/contactsLocationsModule/locations/47/zip"",""/protocolSection/contactsLocationsModule/locations/48/city"",""/protocolSection/contactsLocationsModule/locations/48/facility"",""/protocolSection/contactsLocationsModule/locations/48/geoPoint/lat"",""/protocolSection/contactsLocationsModule/locations/48/geoPoint/lon"",""/protocolSection/contactsLocationsModule/locations/48/status"",""/protocolSection/contactsLocationsModule/locations/48/zip"",""/protocolSection/contactsLocationsModule/locations/49/city"",""/protocolSection/contactsLocationsModule/locations/49/facility"",""/protocolSection/contactsLocationsModule/locations/49/geoPoint/lat"",""/protocolSection/contactsLocationsModule/locations/49/geoPoint/lon"",""/protocolSection/contactsLocationsModule/locations/49/status"",""/protocolSection/contactsLocationsModule/locations/49/zip"",""/protocolSection/contactsLocationsModule/locations/5/city"",""/protocolSection/contactsLocationsModule/locations/5/facility"",""/protocolSection/contactsLocationsModule/locations/5/geoPoint/lat"",""/protocolSection/contactsLocationsModule/locations/5/geoPoint/lon"",""/protocolSection/contactsLocationsModule/locations/5/state"",""/protocolSection/contactsLocationsModule/locations/5/status"",""/protocolSection/contactsLocationsModule/locations/5/zip"",""/protocolSection/contactsLocationsModule/locations/50/city"",""/protocolSection/contactsLocationsModule/locations/50/country"",""/protocolSection/contactsLocationsModule/locations/50/facility"",""/protocolSection/contactsLocationsModule/locations/50/geoPoint/lat"",""/protocolSection/contactsLocationsModule/locations/50/geoPoint/lon"",""/protocolSection/contactsLocationsModule/locations/50/status"",""/protocolSection/contactsLocationsModule/locations/50/zip"",""/protocolSection/contactsLocationsModule/locations/51/city"",""/protocolSection/contactsLocationsModule/locations/51/country"",""/protocolSection/contactsLocationsModule/locations/51/facility"",""/protocolSection/contactsLocationsModule/locations/51/geoPoint"",""/protocolSection/contactsLocationsModule/locations/51/status"",""/protocolSection/contactsLocationsModule/locations/51/zip"",""/protocolSection/contactsLocationsModule/locations/52/city"",""/protocolSection/contactsLocationsModule/locations/52/country"",""/protocolSection/contactsLocationsModule/locations/52/facility"",""/protocolSection/contactsLocationsModule/locations/52/geoPoint/lat"",""/protocolSection/contactsLocationsModule/locations/52/geoPoint/lon"",""/protocolSection/contactsLocationsModule/locations/52/status"",""/protocolSection/contactsLocationsModule/locations/52/zip"",""/protocolSection/contactsLocationsModule/locations/53/city"",""/protocolSection/contactsLocationsModule/locations/53/country"",""/protocolSection/contactsLocationsModule/locations/53/facility"",""/protocolSection/contactsLocationsModule/locations/53/geoPoint/lat"",""/protocolSection/contactsLocationsModule/locations/53/geoPoint/lon"",""/protocolSection/contactsLocationsModule/locations/53/status"",""/protocolSection/contactsLocationsModule/locations/53/zip"",""/protocolSection/contactsLocationsModule/locations/54/city"",""/protocolSection/contactsLocationsModule/locations/54/country"",""/protocolSection/contactsLocationsModule/locations/54/facility"",""/protocolSection/contactsLocationsModule/locations/54/geoPoint/lat"",""/protocolSection/contactsLocationsModule/locations/54/geoPoint/lon"",""/protocolSection/contactsLocationsModule/locations/54/status"",""/protocolSection/contactsLocationsModule/locations/54/zip"",""/protocolSection/contactsLocationsModule/locations/55/city"",""/protocolSection/contactsLocationsModule/locations/55/country"",""/protocolSection/contactsLocationsModule/locations/55/facility"",""/protocolSection/contactsLocationsModule/locations/55/geoPoint/lat"",""/protocolSection/contactsLocationsModule/locations/55/geoPoint/lon"",""/protocolSection/contactsLocationsModule/locations/55/status"",""/protocolSection/contactsLocationsModule/locations/55/zip"",""/protocolSection/contactsLocationsModule/locations/56/city"",""/protocolSection/contactsLocationsModule/locations/56/country"",""/protocolSection/contactsLocationsModule/locations/56/facility"",""/protocolSection/contactsLocationsModule/locations/56/geoPoint/lat"",""/protocolSection/contactsLocationsModule/locations/56/geoPoint/lon"",""/protocolSection/contactsLocationsModule/locations/56/status"",""/protocolSection/contactsLocationsModule/locations/56/zip"",""/protocolSection/contactsLocationsModule/locations/57/city"",""/protocolSection/contactsLocationsModule/locations/57/facility"",""/protocolSection/contactsLocationsModule/locations/57/geoPoint/lat"",""/protocolSection/contactsLocationsModule/locations/57/geoPoint/lon"",""/protocolSection/contactsLocationsModule/locations/57/status"",""/protocolSection/contactsLocationsModule/locations/57/zip"",""/protocolSection/contactsLocationsModule/locations/58/city"",""/protocolSection/contactsLocationsModule/locations/58/facility"",""/protocolSection/contactsLocationsModule/locations/58/geoPoint"",""/protocolSection/contactsLocationsModule/locations/58/status"",""/protocolSection/contactsLocationsModule/locations/58/zip"",""/protocolSection/contactsLocationsModule/locations/59/city"",""/protocolSection/contactsLocationsModule/locations/59/country"",""/protocolSection/contactsLocationsModule/locations/59/facility"",""/protocolSection/contactsLocationsModule/locations/59/geoPoint/lat"",""/protocolSection/contactsLocationsModule/locations/59/geoPoint/lon"",""/protocolSection/contactsLocationsModule/locations/59/status"",""/protocolSection/contactsLocationsModule/locations/59/zip"",""/protocolSection/contactsLocationsModule/locations/6/city"",""/protocolSection/contactsLocationsModule/locations/6/facility"",""/protocolSection/contactsLocationsModule/locations/6/geoPoint/lat"",""/protocolSection/contactsLocationsModule/locations/6/geoPoint/lon"",""/protocolSection/contactsLocationsModule/locations/6/state"",""/protocolSection/contactsLocationsModule/locations/6/status"",""/protocolSection/contactsLocationsModule/locations/6/zip"",""/protocolSection/contactsLocationsModule/locations/60/city"",""/protocolSection/contactsLocationsModule/locations/60/country"",""/protocolSection/contactsLocationsModule/locations/60/facility"",""/protocolSection/contactsLocationsModule/locations/60/geoPoint/lat"",""/protocolSection/contactsLocationsModule/locations/60/geoPoint/lon"",""/protocolSection/contactsLocationsModule/locations/60/status"",""/protocolSection/contactsLocationsModule/locations/60/zip"",""/protocolSection/contactsLocationsModule/locations/61/city"",""/protocolSection/contactsLocationsModule/locations/61/country"",""/protocolSection/contactsLocationsModule/locations/61/facility"",""/protocolSection/contactsLocationsModule/locations/61/geoPoint/lat"",""/protocolSection/contactsLocationsModule/locations/61/geoPoint/lon"",""/protocolSection/contactsLocationsModule/locations/61/status"",""/protocolSection/contactsLocationsModule/locations/61/zip"",""/protocolSection/contactsLocationsModule/locations/62/city"",""/protocolSection/contactsLocationsModule/locations/62/country"",""/protocolSection/contactsLocationsModule/locations/62/facility"",""/protocolSection/contactsLocationsModule/locations/62/geoPoint/lat"",""/protocolSection/contactsLocationsModule/locations/62/geoPoint/lon"",""/protocolSection/contactsLocationsModule/locations/62/status"",""/protocolSection/contactsLocationsModule/locations/62/zip"",""/protocolSection/contactsLocationsModule/locations/63/city"",""/protocolSection/contactsLocationsModule/locations/63/country"",""/protocolSection/contactsLocationsModule/locations/63/facility"",""/protocolSection/contactsLocationsModule/locations/63/geoPoint/lat"",""/protocolSection/contactsLocationsModule/locations/63/geoPoint/lon"",""/protocolSection/contactsLocationsModule/locations/63/status"",""/protocolSection/contactsLocationsModule/locations/63/zip"",""/protocolSection/contactsLocationsModule/locations/64/city"",""/protocolSection/contactsLocationsModule/locations/64/country"",""/protocolSection/contactsLocationsModule/locations/64/facility"",""/protocolSection/contactsLocationsModule/locations/64/geoPoint/lat"",""/protocolSection/contactsLocationsModule/locations/64/geoPoint/lon"",""/protocolSection/contactsLocationsModule/locations/64/status"",""/protocolSection/contactsLocationsModule/locations/64/zip"",""/protocolSection/contactsLocationsModule/locations/65/city"",""/protocolSection/contactsLocationsModule/locations/65/country"",""/protocolSection/contactsLocationsModule/locations/65/facility"",""/protocolSection/contactsLocationsModule/locations/65/geoPoint/lat"",""/protocolSection/contactsLocationsModule/locations/65/geoPoint/lon"",""/protocolSection/contactsLocationsModule/locations/65/status"",""/protocolSection/contactsLocationsModule/locations/65/zip"",""/protocolSection/contactsLocationsModule/locations/66/city"",""/protocolSection/contactsLocationsModule/locations/66/country"",""/protocolSection/contactsLocationsModule/locations/66/facility"",""/protocolSection/contactsLocationsModule/locations/66/geoPoint/lat"",""/protocolSection/contactsLocationsModule/locations/66/geoPoint/lon"",""/protocolSection/contactsLocationsModule/locations/66/status"",""/protocolSection/contactsLocationsModule/locations/66/zip"",""/protocolSection/contactsLocationsModule/locations/67/city"",""/protocolSection/contactsLocationsModule/locations/67/country"",""/protocolSection/contactsLocationsModule/locations/67/facility"",""/protocolSection/contactsLocationsModule/locations/67/geoPoint/lat"",""/protocolSection/contactsLocationsModule/locations/67/geoPoint/lon"",""/protocolSection/contactsLocationsModule/locations/67/status"",""/protocolSection/contactsLocationsModule/locations/67/zip"",""/protocolSection/contactsLocationsModule/locations/68/city"",""/protocolSection/contactsLocationsModule/locations/68/country"",""/protocolSection/contactsLocationsModule/locations/68/facility"",""/protocolSection/contactsLocationsModule/locations/68/geoPoint/lat"",""/protocolSection/contactsLocationsModule/locations/68/geoPoint/lon"",""/protocolSection/contactsLocationsModule/locations/68/status"",""/protocolSection/contactsLocationsModule/locations/68/zip"",""/protocolSection/contactsLocationsModule/locations/69"",""/protocolSection/contactsLocationsModule/locations/7/city"",""/protocolSection/contactsLocationsModule/locations/7/facility"",""/protocolSection/contactsLocationsModule/locations/7/geoPoint/lat"",""/protocolSection/contactsLocationsModule/locations/7/geoPoint/lon"",""/protocolSection/contactsLocationsModule/locations/7/state"",""/protocolSection/contactsLocationsModule/locations/7/status"",""/protocolSection/contactsLocationsModule/locations/7/zip"",""/protocolSection/contactsLocationsModule/locations/70"",""/protocolSection/contactsLocationsModule/locations/71"",""/protocolSection/contactsLocationsModule/locations/72"",""/protocolSection/contactsLocationsModule/locations/73"",""/protocolSection/contactsLocationsModule/locations/74"",""/protocolSection/contactsLocationsModule/locations/75"",""/protocolSection/contactsLocationsModule/locations/76"",""/protocolSection/contactsLocationsModule/locations/77"",""/protocolSection/contactsLocationsModule/locations/8/city"",""/protocolSection/contactsLocationsModule/locations/8/facility"",""/protocolSection/contactsLocationsModule/locations/8/geoPoint/lat"",""/protocolSection/contactsLocationsModule/locations/8/geoPoint/lon"",""/protocolSection/contactsLocationsModule/locations/8/state"",""/protocolSection/contactsLocationsModule/locations/8/status"",""/protocolSection/contactsLocationsModule/locations/8/zip"",""/protocolSection/contactsLocationsModule/locations/9/city"",""/protocolSection/contactsLocationsModule/locations/9/facility"",""/protocolSection/contactsLocationsModule/locations/9/geoPoint/lat"",""/protocolSection/contactsLocationsModule/locations/9/geoPoint/lon"",""/protocolSection/contactsLocationsModule/locations/9/state"",""/protocolSection/contactsLocationsModule/locations/9/status"",""/protocolSection/contactsLocationsModule/locations/9/zip"",""/protocolSection/designModule/enrollmentInfo/count"",""/protocolSection/designModule/enrollmentInfo/type"",""/protocolSection/statusModule/completionDateStruct/date"",""/protocolSection/statusModule/lastUpdatePostDateStruct/date"",""/protocolSection/statusModule/lastUpdateSubmitDate"",""/protocolSection/statusModule/overallStatus"",""/protocolSection/statusModule/primaryCompletionDateStruct/date"",""/protocolSection/statusModule/statusVerifiedDate""]|5371a1a93772e785fcab33a7ad83ef259b85aba22d2f7e56d912db06daeb99bf",critical,NCT03197935,19,20,2019-04-26,enrollment_change,evt_NCT03197935_v19_v20_0ab34beeb3be,b4f2292aaecbec7d7f5dff98a8d4c5d784421d5286e14b961b7757917d289d97,22
590,critical-023,"NCT05180006|3|4|status_termination|critical|[""/protocolSection/contactsLocationsModule/centralContacts"",""/protocolSection/contactsLocationsModule/locations/0/contacts"",""/protocolSection/contactsLocationsModule/locations/0/status"",""/protocolSection/designModule/enrollmentInfo/count"",""/protocolSection/designModule/enrollmentInfo/type"",""/protocolSection/statusModule/completionDateStruct/date"",""/protocolSection/statusModule/completionDateStruct/type"",""/protocolSection/statusModule/lastUpdatePostDateStruct/date"",""/protocolSection/statusModule/lastUpdateSubmitDate"",""/protocolSection/statusModule/overallStatus"",""/protocolSection/statusModule/primaryCompletionDateStruct/date"",""/protocolSection/statusModule/primaryCompletionDateStruct/type"",""/protocolSection/statusModule/statusVerifiedDate"",""/protocolSection/statusModule/whyStopped""]|b377af76b8fd62e0517ba3646130700fcc8407e8f8a8d76f55eb6b5bc8e0fa85",critical,NCT05180006,3,4,2025-11-24,status_termination,evt_NCT05180006_v3_v4_3cebafd518aa,ba9bd6d51ed7be3513ce7f371e7701a7fd7e335d13facac719ffcb39bb464091,23
564,critical-024,"NCT03820063|5|6|design_change|critical|[""/protocolSection/armsInterventionsModule/armGroups/0/description"",""/protocolSection/armsInterventionsModule/interventions/0/description"",""/protocolSection/contactsLocationsModule/locations/0/status"",""/protocolSection/contactsLocationsModule/locations/15/status"",""/protocolSection/contactsLocationsModule/locations/20"",""/protocolSection/contactsLocationsModule/locations/35"",""/protocolSection/contactsLocationsModule/locations/39/status"",""/protocolSection/contactsLocationsModule/locations/4/contacts"",""/protocolSection/contactsLocationsModule/locations/4/status"",""/protocolSection/contactsLocationsModule/locations/40/status"",""/protocolSection/contactsLocationsModule/locations/46/contacts"",""/protocolSection/contactsLocationsModule/locations/46/status"",""/protocolSection/contactsLocationsModule/locations/7/status"",""/protocolSection/descriptionModule/detailedDescription"",""/protocolSection/designModule/designInfo/interventionModelDescription"",""/protocolSection/eligibilityModule/eligibilityCriteria"",""/protocolSection/outcomesModule/secondaryOutcomes/9"",""/protocolSection/statusModule/lastUpdatePostDateStruct/date"",""/protocolSection/statusModule/lastUpdateSubmitDate"",""/protocolSection/statusModule/statusVerifiedDate""]|e955064a6bdd55577be5bdd3ede7cdbcca550ee4d707d2030bcd4af4dee5a442",critical,NCT03820063,5,6,2020-07-08,design_change,evt_NCT03820063_v5_v6_9e39ab3f4986,c271c5b9d19f1d14c99b2db0c389d34130b89edc929de61073f60cc163972776,24
529,critical-025,"NCT02942355|2|3|primary_outcome_change|critical|[""/protocolSection/outcomesModule/primaryOutcomes/0/description"",""/protocolSection/oversightModule/isFdaRegulatedDevice"",""/protocolSection/oversightModule/isFdaRegulatedDrug"",""/protocolSection/oversightModule/isUsExport"",""/protocolSection/statusModule/lastUpdatePostDateStruct/date"",""/protocolSection/statusModule/lastUpdateSubmitDate"",""/protocolSection/statusModule/statusVerifiedDate""]|b9aa7dc4205b504c7efc307736122bf3955f0f66b6c27f9ded07005a8c929abc",critical,NCT02942355,2,3,2017-10-24,primary_outcome_change,evt_NCT02942355_v2_v3_8e3bd031cc15,caa95ccaedb8344928a79e87d8f726fa54d97cc0e53e407e66690e7dec18fb12,25
498,critical-026,"NCT01441947|5|6|arm_intervention_change|critical|[""/protocolSection/armsInterventionsModule/interventions/0/description"",""/protocolSection/statusModule/completionDateStruct/date"",""/protocolSection/statusModule/lastUpdatePostDateStruct/date"",""/protocolSection/statusModule/lastUpdateSubmitDate"",""/protocolSection/statusModule/primaryCompletionDateStruct/date"",""/protocolSection/statusModule/statusVerifiedDate""]|492675bd50786926981a1c8df3d3a1caf1ecf7ba3855393a0f03f555c86b3144",critical,NCT01441947,5,6,2013-12-16,arm_intervention_change,evt_NCT01441947_v5_v6_da10803d7578,cfea9ba86a5ce6877a0b174782a0416ea1dc869b5db474caebf25b3f8c5758ff,26
589,critical-027,"NCT05180006|2|3|design_change|critical|[""/protocolSection/armsInterventionsModule/armGroups/0/description"",""/protocolSection/armsInterventionsModule/armGroups/0/interventionNames"",""/protocolSection/armsInterventionsModule/armGroups/0/label"",""/protocolSection/armsInterventionsModule/armGroups/0/type"",""/protocolSection/armsInterventionsModule/armGroups/1/description"",""/protocolSection/armsInterventionsModule/armGroups/1/interventionNames/1"",""/protocolSection/armsInterventionsModule/armGroups/1/label"",""/protocolSection/armsInterventionsModule/armGroups/2/description"",""/protocolSection/armsInterventionsModule/armGroups/2/interventionNames/0"",""/protocolSection/armsInterventionsModule/armGroups/2/interventionNames/1"",""/protocolSection/armsInterventionsModule/armGroups/2/label"",""/protocolSection/armsInterventionsModule/armGroups/2/type"",""/protocolSection/armsInterventionsModule/armGroups/3"",""/protocolSection/armsInterventionsModule/interventions/0/armGroupLabels/0"",""/protocolSection/armsInterventionsModule/interventions/0/armGroupLabels/1"",""/protocolSection/armsInterventionsModule/interventions/0/armGroupLabels/2"",""/protocolSection/armsInterventionsModule/interventions/1/armGroupLabels/0"",""/protocolSection/armsInterventionsModule/interventions/1/description"",""/protocolSection/armsInterventionsModule/interventions/1/name"",""/protocolSection/armsInterventionsModule/interventions/2/armGroupLabels/0"",""/protocolSection/armsInterventionsModule/interventions/2/armGroupLabels/1"",""/protocolSection/armsInterventionsModule/interventions/2/description"",""/protocolSection/armsInterventionsModule/interventions/2/name"",""/protocolSection/armsInterventionsModule/interventions/3/armGroupLabels/0"",""/protocolSection/armsInterventionsModule/interventions/3/description"",""/protocolSection/armsInterventionsModule/interventions/3/name"",""/protocolSection/armsInterventionsModule/interventions/4"",""/protocolSection/descriptionModule/briefSummary"",""/protocolSection/descriptionModule/detailedDescription"",""/protocolSection/designModule/designInfo/interventionModelDescription"",""/protocolSection/designModule/enrollmentInfo/count"",""/protocolSection/eligibilityModule/eligibilityCriteria"",""/protocolSection/statusModule/completionDateStruct/date"",""/protocolSection/statusModule/lastUpdatePostDateStruct/date"",""/protocolSection/statusModule/lastUpdateSubmitDate"",""/protocolSection/statusModule/primaryCompletionDateStruct/date"",""/protocolSection/statusModule/statusVerifiedDate""]|5cd2b9e17762513a51cbb79879432a01b94ec3e97b5911dba108511df4356453",critical,NCT05180006,2,3,2024-04-16,design_change,evt_NCT05180006_v2_v3_0f650cd792c4,d57915e4ec49b2126b712309d193617b0cd88a9408c17322d4814f87f04aaf16,27
574,critical-028,"NCT04722718|0|1|arm_intervention_change|critical|[""/protocolSection/armsInterventionsModule/armGroups/0/interventionNames/0"",""/protocolSection/armsInterventionsModule/interventions/0/name"",""/protocolSection/conditionsModule/keywords/0"",""/protocolSection/designModule/enrollmentInfo/count"",""/protocolSection/eligibilityModule/eligibilityCriteria"",""/protocolSection/outcomesModule/secondaryOutcomes/3/description"",""/protocolSection/outcomesModule/secondaryOutcomes/3/measure"",""/protocolSection/outcomesModule/secondaryOutcomes/4/description"",""/protocolSection/outcomesModule/secondaryOutcomes/4/measure"",""/protocolSection/outcomesModule/secondaryOutcomes/5/description"",""/protocolSection/outcomesModule/secondaryOutcomes/5/measure"",""/protocolSection/outcomesModule/secondaryOutcomes/6"",""/protocolSection/statusModule/lastUpdatePostDateStruct/date"",""/protocolSection/statusModule/lastUpdateSubmitDate""]|061b3557620972377ca6d28211c2cc9469092c0f55e943cb2093fca6fef77bcd",critical,NCT04722718,0,1,2021-01-31,arm_intervention_change,evt_NCT04722718_v0_v1_8abb9de16cf2,db6d6eec20416ae3c95c049f2f3b142b47fa5b32468bd61728e53b099d59477e,28
568,critical-029,"NCT04280536|0|1|primary_outcome_change|critical|[""/protocolSection/armsInterventionsModule/interventions/0/description"",""/protocolSection/armsInterventionsModule/interventions/1/description"",""/protocolSection/conditionsModule/keywords/2"",""/protocolSection/descriptionModule/briefSummary"",""/protocolSection/descriptionModule/detailedDescription"",""/protocolSection/outcomesModule/primaryOutcomes/0/description"",""/protocolSection/outcomesModule/primaryOutcomes/0/measure"",""/protocolSection/outcomesModule/primaryOutcomes/0/timeFrame"",""/protocolSection/outcomesModule/primaryOutcomes/1"",""/protocolSection/outcomesModule/secondaryOutcomes"",""/protocolSection/statusModule/lastUpdatePostDateStruct/date"",""/protocolSection/statusModule/lastUpdateSubmitDate"",""/protocolSection/statusModule/statusVerifiedDate""]|64e6578b25da94c82b9c5006015cf5e7fe2bbc62994d932d523ba08666cfaa9e",critical,NCT04280536,0,1,2020-08-11,primary_outcome_change,evt_NCT04280536_v0_v1_abe2f0f2a525,df4e62012285bc35dfa3b97ef3852a56892d2e8ed84187d99491b00019970a18,29
505,critical-030,"NCT01441947|13|14|secondary_outcome_change|critical|[""/protocolSection/outcomesModule/secondaryOutcomes/4"",""/protocolSection/statusModule/completionDateStruct/date"",""/protocolSection/statusModule/lastUpdatePostDateStruct/date"",""/protocolSection/statusModule/lastUpdateSubmitDate"",""/protocolSection/statusModule/primaryCompletionDateStruct/date"",""/protocolSection/statusModule/statusVerifiedDate""]|641bbe5cc5eac7335020313eb96ac23f0511de6ab4bc476d0e211e231fe346d4",critical,NCT01441947,13,14,2019-08-22,secondary_outcome_change,evt_NCT01441947_v13_v14_7214dc7d893f,e64d18ccccbb7f4f1aaa19b55be4fe2259e3d79f2d7050f496a09b4d2c09caf6,30
591,high-001,"NCT05315687|0|1|timeline_significant_shift|high|[""/protocolSection/statusModule/lastUpdatePostDateStruct/date"",""/protocolSection/statusModule/lastUpdateSubmitDate"",""/protocolSection/statusModule/startDateStruct/date"",""/protocolSection/statusModule/statusVerifiedDate""]|dd2f24485ab5a151c6acc57bb7187c6b783f0412d6387d20e88ea32dd06f7394",high,NCT05315687,0,1,2022-06-07,timeline_significant_shift,evt_NCT05315687_v0_v1_a4eaf671d138,02e1ee8a8d6c39f9c7df648942050b1edee617898d232a35c2fce05398779755,1
518,high-002,"NCT02755272|3|4|eligibility_change|high|[""/protocolSection/eligibilityModule/eligibilityCriteria"",""/protocolSection/statusModule/lastUpdatePostDateStruct/date"",""/protocolSection/statusModule/lastUpdateSubmitDate"",""/protocolSection/statusModule/statusVerifiedDate""]|b5f03b91088b4f81d89954dd38d17043fea8fdf292822f8f6238fcbf628c2f7d",high,NCT02755272,3,4,2018-03-23,eligibility_change,evt_NCT02755272_v3_v4_c3fa75ccff08,09d3d5098f6c9501cd29cd233382231e1b61b4fbe9a61fa2391ea624cb8e1676,2
593,high-003,"NCT05315687|2|3|timeline_significant_shift|high|[""/protocolSection/statusModule/lastUpdatePostDateStruct/date"",""/protocolSection/statusModule/lastUpdateSubmitDate"",""/protocolSection/statusModule/startDateStruct/date"",""/protocolSection/statusModule/statusVerifiedDate""]|21554101e3ce4b0184da43d9b59eb3699cc45880642a0c2635aa2fbfd13a2a4b",high,NCT05315687,2,3,2022-10-14,timeline_significant_shift,evt_NCT05315687_v2_v3_bd6d3baee6fb,0f6be90c3566f39335a13f00a2cf8e83ae44377d67c94f2002ec85edfcee9b0c,3
517,high-004,"NCT02755272|2|3|timeline_major_slip|high|[""/protocolSection/contactsLocationsModule/locations/0"",""/protocolSection/contactsLocationsModule/locations/1"",""/protocolSection/statusModule/completionDateStruct/date"",""/protocolSection/statusModule/lastUpdatePostDateStruct/date"",""/protocolSection/statusModule/lastUpdatePostDateStruct/type"",""/protocolSection/statusModule/lastUpdateSubmitDate"",""/protocolSection/statusModule/primaryCompletionDateStruct/date"",""/protocolSection/statusModule/startDateStruct/date"",""/protocolSection/statusModule/statusVerifiedDate""]|f0bfa5df8fb2a6e4b71b29ff96e8f769d508144f1af1cf119eae49d3d674a5b0",high,NCT02755272,2,3,2018-02-06,timeline_major_slip,evt_NCT02755272_v2_v3_0114b4dbab3a,1de104fc22358cb7bbc0c92eeee95e749abaca4967279349d3edc8f20b47fe73,4
525,high-005,"NCT02755272|15|16|timeline_significant_shift|high|[""/protocolSection/statusModule/lastUpdatePostDateStruct/date"",""/protocolSection/statusModule/lastUpdateSubmitDate"",""/protocolSection/statusModule/primaryCompletionDateStruct/date"",""/protocolSection/statusModule/statusVerifiedDate""]|fb1b5974e8739765839b61a60ec067bb602c4c99d30d1f7a6b82f6e5fbcc39a5",high,NCT02755272,15,16,2023-11-06,timeline_significant_shift,evt_NCT02755272_v15_v16_054394cdd5d6,20a574d32bcba6de3f5061d68491aa61514932fc8868c69aa36a6a69ba48d28f,5
512,high-006,"NCT02546232|3|4|enrollment_change|high|[""/protocolSection/contactsLocationsModule/centralContacts"",""/protocolSection/contactsLocationsModule/locations/0/contacts"",""/protocolSection/contactsLocationsModule/locations/0/status"",""/protocolSection/designModule/enrollmentInfo/count"",""/protocolSection/designModule/enrollmentInfo/type"",""/protocolSection/statusModule/lastUpdatePostDateStruct/date"",""/protocolSection/statusModule/lastUpdateSubmitDate"",""/protocolSection/statusModule/overallStatus"",""/protocolSection/statusModule/primaryCompletionDateStruct/date"",""/protocolSection/statusModule/statusVerifiedDate""]|29b74873340fcef1dc59c49b4d796e25273db83d710801161c109c8190f844ad",high,NCT02546232,3,4,2021-03-02,enrollment_change,evt_NCT02546232_v3_v4_0047999fb5b7,21fc8da84fe8988a9f1c3102645d46a2c1b8b91884559276c58ffe353465e26b,6
534,high-007,"NCT02942355|12|13|timeline_major_slip|high|[""/protocolSection/statusModule/completionDateStruct/date"",""/protocolSection/statusModule/lastUpdatePostDateStruct/date"",""/protocolSection/statusModule/lastUpdateSubmitDate"",""/protocolSection/statusModule/primaryCompletionDateStruct/date"",""/protocolSection/statusModule/statusVerifiedDate""]|5b4e389dbf42aced7db7b1556771086c4469c9955b1a656a339c81beecd2b7bf",high,NCT02942355,12,13,2022-02-21,timeline_major_slip,evt_NCT02942355_v12_v13_c72a0bf248d2,2cb03d5b53b7c7cd8b9dcd9a3c014aade17052c568324d11ce1e7f2c6fe02438,7
554,high-008,"NCT03324932|1|2|timeline_major_slip|high|[""/protocolSection/statusModule/completionDateStruct/date"",""/protocolSection/statusModule/lastUpdatePostDateStruct/date"",""/protocolSection/statusModule/lastUpdateSubmitDate"",""/protocolSection/statusModule/primaryCompletionDateStruct/date"",""/protocolSection/statusModule/statusVerifiedDate""]|e131ad777d75e878f50b00adbbc4b97bdcec12d9e0cde8dd8e62ede693c87853",high,NCT03324932,1,2,2019-03-04,timeline_major_slip,evt_NCT03324932_v1_v2_dc8f7a37b7b0,349a4396c1250286c7dd30996d80c3116a6c2ce6c65712d9de42100056ddbd87,8
555,high-009,"NCT03324932|2|3|timeline_significant_shift|high|[""/protocolSection/contactsLocationsModule/centralContacts/0/name"",""/protocolSection/contactsLocationsModule/locations/0/contacts/2/name"",""/protocolSection/contactsLocationsModule/overallOfficials/0/name"",""/protocolSection/identificationModule/secondaryIdInfos"",""/protocolSection/statusModule/completionDateStruct/date"",""/protocolSection/statusModule/lastUpdatePostDateStruct/date"",""/protocolSection/statusModule/lastUpdateSubmitDate"",""/protocolSection/statusModule/primaryCompletionDateStruct/date"",""/protocolSection/statusModule/statusVerifiedDate""]|c0e7470457c7d1329213a4995993b4fe8904bab3cc7530745d1746e48049eb52",high,NCT03324932,2,3,2019-04-09,timeline_significant_shift,evt_NCT03324932_v2_v3_63a2dc17858f,36df9aa03d4d9333258e9a2262f412f2b6028e0f5c5cd276acb140d798d47451,9
572,high-010,"NCT04592484|4|5|enrollment_change|high|[""/protocolSection/contactsLocationsModule/centralContacts"",""/protocolSection/contactsLocationsModule/locations/0/contacts"",""/protocolSection/contactsLocationsModule/locations/0/status"",""/protocolSection/contactsLocationsModule/locations/1/contacts"",""/protocolSection/contactsLocationsModule/locations/1/status"",""/protocolSection/contactsLocationsModule/locations/2/contacts"",""/protocolSection/contactsLocationsModule/locations/2/status"",""/protocolSection/contactsLocationsModule/locations/3/contacts"",""/protocolSection/contactsLocationsModule/locations/3/status"",""/protocolSection/contactsLocationsModule/locations/4/contacts"",""/protocolSection/contactsLocationsModule/locations/4/status"",""/protocolSection/contactsLocationsModule/locations/5/contacts"",""/protocolSection/contactsLocationsModule/locations/5/status"",""/protocolSection/contactsLocationsModule/locations/6/contacts"",""/protocolSection/contactsLocationsModule/locations/6/status"",""/protocolSection/contactsLocationsModule/locations/7/contacts"",""/protocolSection/contactsLocationsModule/locations/7/status"",""/protocolSection/designModule/enrollmentInfo/count"",""/protocolSection/designModule/enrollmentInfo/type"",""/protocolSection/statusModule/completionDateStruct/date"",""/protocolSection/statusModule/lastUpdatePostDateStruct/date"",""/protocolSection/statusModule/lastUpdateSubmitDate"",""/protocolSection/statusModule/overallStatus"",""/protocolSection/statusModule/primaryCompletionDateStruct/date"",""/protocolSection/statusModule/primaryCompletionDateStruct/type"",""/protocolSection/statusModule/statusVerifiedDate""]|ba5a2cdc8eeabd61ddb0005a288850570ffe05304bb3feabab7ec54594338127",high,NCT04592484,4,5,2022-08-29,enrollment_change,evt_NCT04592484_v4_v5_64a860b79013,3741a2495adc48090e85b87eb052d8a460d47d547edb44270a72061e01d27df3,10
519,high-011,"NCT02755272|5|6|enrollment_change|high|[""/protocolSection/designModule/enrollmentInfo/count"",""/protocolSection/statusModule/lastUpdatePostDateStruct/date"",""/protocolSection/statusModule/lastUpdateSubmitDate""]|60a45ce2cada81774784c83e548a177b50f22fbc0c04cedd07c347aeb93b3b0f",high,NCT02755272,5,6,2018-12-31,enrollment_change,evt_NCT02755272_v5_v6_661ff0d84d5e,3b3fab9d5db00c3f568a498c33a3373f6341a87c5c9da0a1a94ee0690e8c2829,11
557,high-012,"NCT03477019|0|1|timeline_significant_shift|high|[""/protocolSection/statusModule/completionDateStruct/date"",""/protocolSection/statusModule/lastUpdatePostDateStruct/date"",""/protocolSection/statusModule/lastUpdateSubmitDate"",""/protocolSection/statusModule/primaryCompletionDateStruct/date"",""/protocolSection/statusModule/startDateStruct/date"",""/protocolSection/statusModule/statusVerifiedDate""]|3962f1110b8237d1093f1d66f1360f0b120dd024c46c21434b57a2f2f2c302e6",high,NCT03477019,0,1,2018-09-04,timeline_significant_shift,evt_NCT03477019_v0_v1_16b0e89ab5c0,3c51524ed3f89db6c2fbd3f3dfb0cc59623f82334eefd7488489a477ac24ed92,12
577,high-013,"NCT04722718|3|4|secondary_outcome_change|high|[""/protocolSection/outcomesModule/secondaryOutcomes/7"",""/protocolSection/outcomesModule/secondaryOutcomes/8"",""/protocolSection/outcomesModule/secondaryOutcomes/9"",""/protocolSection/statusModule/lastKnownStatus"",""/protocolSection/statusModule/lastUpdatePostDateStruct/date"",""/protocolSection/statusModule/lastUpdateSubmitDate"",""/protocolSection/statusModule/overallStatus""]|845a08ba991286d2b5886c9a6805b00455b5bac26f90361070e1ab379ac62779",high,NCT04722718,3,4,2022-04-21,secondary_outcome_change,evt_NCT04722718_v3_v4_dbf42fc9f574,3d101641ab78fb14f7b01d4b982293cf051449e0b941394f45176b398f610679,13
609,high-014,"NCT07294508|0|1|eligibility_change|high|[""/protocolSection/eligibilityModule/eligibilityCriteria"",""/protocolSection/identificationModule/briefTitle"",""/protocolSection/statusModule/lastUpdatePostDateStruct/date"",""/protocolSection/statusModule/lastUpdateSubmitDate""]|91c6a1955a5353c5b27eb2c76e66bbb9d6c38e1a3adb5b03ffefaac1d237fa3c",high,NCT07294508,0,1,2025-12-19,eligibility_change,evt_NCT07294508_v0_v1_c79f05bdfb17,453b28d751d5109bce9da3c54fc0eabb2f3aab4918687292eccc2d5feae5544e,14
562,high-015,"NCT03477019|7|8|enrollment_change|high|[""/protocolSection/contactsLocationsModule/centralContacts"",""/protocolSection/contactsLocationsModule/locations/0/contacts"",""/protocolSection/contactsLocationsModule/locations/0/status"",""/protocolSection/designModule/enrollmentInfo/count"",""/protocolSection/designModule/enrollmentInfo/type"",""/protocolSection/ipdSharingStatementModule/description"",""/protocolSection/statusModule/completionDateStruct/date"",""/protocolSection/statusModule/completionDateStruct/type"",""/protocolSection/statusModule/lastUpdatePostDateStruct/date"",""/protocolSection/statusModule/lastUpdateSubmitDate"",""/protocolSection/statusModule/overallStatus"",""/protocolSection/statusModule/primaryCompletionDateStruct/date"",""/protocolSection/statusModule/primaryCompletionDateStruct/type"",""/protocolSection/statusModule/statusVerifiedDate""]|13d1d1f17441045194c77380cb1c238e8e8e3f71074938f6bd791b6d7466714b",high,NCT03477019,7,8,2023-01-17,enrollment_change,evt_NCT03477019_v7_v8_3ce87a55c8ec,48f3633a7490a72fe8d1fcbbb1eecafc227f47f509cc4674ea047367042cf02c,15
579,high-016,"NCT04754399|2|3|timeline_significant_shift|high|[""/protocolSection/statusModule/completionDateStruct/date"",""/protocolSection/statusModule/lastUpdatePostDateStruct/date"",""/protocolSection/statusModule/lastUpdateSubmitDate"",""/protocolSection/statusModule/primaryCompletionDateStruct/date"",""/protocolSection/statusModule/statusVerifiedDate""]|40bc9d865703c257eae9bb5de90f60f04c9b0a6178a9e6749446edbf110eff28",high,NCT04754399,2,3,2023-06-13,timeline_significant_shift,evt_NCT04754399_v2_v3_1a91c27cfe5b,619dd0e5c75ffce4ffac619b706d3c91c49a353a41e072157c05fd0da36e7d6e,16
523,high-017,"NCT02755272|13|14|timeline_significant_shift|high|[""/protocolSection/statusModule/lastUpdatePostDateStruct/date"",""/protocolSection/statusModule/lastUpdateSubmitDate"",""/protocolSection/statusModule/primaryCompletionDateStruct/date"",""/protocolSection/statusModule/statusVerifiedDate""]|e34258b7c48caef6dde05d2fc60a4d4490c1b70f59326e234e82c4b8b940d2ba",high,NCT02755272,13,14,2022-11-01,timeline_significant_shift,evt_NCT02755272_v13_v14_85a495b11d51,655d564d7643f5df14c05bcde97aa67ae2cedeb36a55cd147e216afb2bd9bc00,17
560,high-018,"NCT03477019|5|6|timeline_significant_shift|high|[""/protocolSection/statusModule/completionDateStruct/date"",""/protocolSection/statusModule/lastUpdatePostDateStruct/date"",""/protocolSection/statusModule/lastUpdateSubmitDate"",""/protocolSection/statusModule/primaryCompletionDateStruct/date"",""/protocolSection/statusModule/statusVerifiedDate""]|e033bd99a5d31076c20db324089f568414964faf2dd0819cf71b80ec949924ab",high,NCT03477019,5,6,2021-02-05,timeline_significant_shift,evt_NCT03477019_v5_v6_028be50bcf21,67ede9e3e7f13e309d2dc206fb08a428b687d558392eafa8d3f868cb5e8a3565,18
542,high-019,"NCT03197935|23|24|secondary_outcome_change|high|[""/protocolSection/contactsLocationsModule/locations/12/status"",""/protocolSection/contactsLocationsModule/locations/16/zip"",""/protocolSection/contactsLocationsModule/locations/29/status"",""/protocolSection/contactsLocationsModule/locations/36/status"",""/protocolSection/contactsLocationsModule/locations/57/city"",""/protocolSection/contactsLocationsModule/locations/57/country"",""/protocolSection/contactsLocationsModule/locations/57/facility"",""/protocolSection/contactsLocationsModule/locations/57/geoPoint/lat"",""/protocolSection/contactsLocationsModule/locations/57/geoPoint/lon"",""/protocolSection/contactsLocationsModule/locations/57/state"",""/protocolSection/contactsLocationsModule/locations/57/status"",""/protocolSection/contactsLocationsModule/locations/57/zip"",""/protocolSection/contactsLocationsModule/locations/58/city"",""/protocolSection/contactsLocationsModule/locations/58/country"",""/protocolSection/contactsLocationsModule/locations/58/facility"",""/protocolSection/contactsLocationsModule/locations/58/geoPoint"",""/protocolSection/contactsLocationsModule/locations/58/state"",""/protocolSection/contactsLocationsModule/locations/58/status"",""/protocolSection/contactsLocationsModule/locations/58/zip"",""/protocolSection/contactsLocationsModule/locations/59"",""/protocolSection/contactsLocationsModule/locations/60"",""/protocolSection/contactsLocationsModule/locations/61"",""/protocolSection/contactsLocationsModule/locations/64/status"",""/protocolSection/contactsLocationsModule/locations/68/status"",""/protocolSection/contactsLocationsModule/locations/78/status"",""/protocolSection/contactsLocationsModule/locations/81/status"",""/protocolSection/contactsLocationsModule/locations/85/status"",""/protocolSection/contactsLocationsModule/locations/87/status"",""/protocolSection/eligibilityModule/eligibilityCriteria"",""/protocolSection/outcomesModule/secondaryOutcomes/0/measure"",""/protocolSection/outcomesModule/secondaryOutcomes/0/timeFrame"",""/protocolSection/outcomesModule/secondaryOutcomes/1/measure"",""/protocolSection/outcomesModule/secondaryOutcomes/1/timeFrame"",""/protocolSection/outcomesModule/secondaryOutcomes/2/timeFrame"",""/protocolSection/outcomesModule/secondaryOutcomes/3/timeFrame"",""/protocolSection/outcomesModule/secondaryOutcomes/4/timeFrame"",""/protocolSection/outcomesModule/secondaryOutcomes/5/timeFrame"",""/protocolSection/outcomesModule/secondaryOutcomes/7/timeFrame"",""/protocolSection/statusModule/lastUpdatePostDateStruct/date"",""/protocolSection/statusModule/lastUpdateSubmitDate"",""/protocolSection/statusModule/statusVerifiedDate""]|946468034d57ce50100c244e2f78db846c5958fa0dcdbd736d45189d6a3a47b1",high,NCT03197935,23,24,2019-07-16,secondary_outcome_change,evt_NCT03197935_v23_v24_586e5ff96225,6da85c4895e2afda512db3bc4872f5e424330c2d72fc9f2945023120593905ae,19
569,high-020,"NCT04280536|2|3|timeline_major_slip|high|[""/protocolSection/contactsLocationsModule/centralContacts"",""/protocolSection/contactsLocationsModule/locations/0/contacts"",""/protocolSection/contactsLocationsModule/locations/0/status"",""/protocolSection/statusModule/completionDateStruct/date"",""/protocolSection/statusModule/lastUpdatePostDateStruct/date"",""/protocolSection/statusModule/lastUpdateSubmitDate"",""/protocolSection/statusModule/overallStatus"",""/protocolSection/statusModule/primaryCompletionDateStruct/date"",""/protocolSection/statusModule/statusVerifiedDate""]|132a90c1ce75b97aaaefa6d8ed32949a41d6ce532d18b1166c203d1d2e3a5a03",high,NCT04280536,2,3,2025-09-21,timeline_major_slip,evt_NCT04280536_v2_v3_f1c02886eda8,75d29e9352f7ae9d44bdd95c0e75ffa69e441a48b406e47efdf362b480a97561,20
584,high-021,"NCT05042791|0|1|timeline_significant_shift|high|[""/protocolSection/contactsLocationsModule/centralContacts/0/name"",""/protocolSection/contactsLocationsModule/centralContacts/0/phone"",""/protocolSection/contactsLocationsModule/locations"",""/protocolSection/statusModule/lastUpdatePostDateStruct/date"",""/protocolSection/statusModule/lastUpdateSubmitDate"",""/protocolSection/statusModule/overallStatus"",""/protocolSection/statusModule/startDateStruct/date"",""/protocolSection/statusModule/statusVerifiedDate""]|0af734bb4266dc8383bdb05466162b239198dc68012f3ec5c9cdd5e6b4e0a4d4",high,NCT05042791,0,1,2022-02-12,timeline_significant_shift,evt_NCT05042791_v0_v1_9fd3ee3e61d7,77b174ba3fa2f634b6f8f030d4896ce190f3aab1c6ce6c95c1f1ef11b46e9b24,21
605,high-022,"NCT06214793|5|6|timeline_significant_shift|high|[""/protocolSection/oversightModule/isUsExport"",""/protocolSection/statusModule/lastUpdatePostDateStruct/date"",""/protocolSection/statusModule/lastUpdateSubmitDate"",""/protocolSection/statusModule/startDateStruct/date"",""/protocolSection/statusModule/statusVerifiedDate""]|e44c6dbefda03175b0a78362d3dbf35d8274af1f6a768783443e010db32b323f",high,NCT06214793,5,6,2025-04-30,timeline_significant_shift,evt_NCT06214793_v5_v6_a5ac854d2cd4,79a096943fcc4e420a1e3e9112177bce5d7909fefa67ff5aec90f960cea98518,22
522,high-023,"NCT02755272|12|13|timeline_significant_shift|high|[""/protocolSection/statusModule/completionDateStruct/date"",""/protocolSection/statusModule/lastUpdatePostDateStruct/date"",""/protocolSection/statusModule/lastUpdateSubmitDate"",""/protocolSection/statusModule/primaryCompletionDateStruct/date"",""/protocolSection/statusModule/statusVerifiedDate""]|88f1fd8fd6d1ebccecbb2f088e98af88aa7b0276070d24252d9b837c49cc25f4",high,NCT02755272,12,13,2021-11-16,timeline_significant_shift,evt_NCT02755272_v12_v13_1729e27e00c4,8797fa21780b9143ba4f1834e594edd550caa92f39e2b5ea730a0d395914fee8,23
511,high-024,"NCT02546232|2|3|timeline_significant_shift|high|[""/protocolSection/statusModule/lastUpdatePostDateStruct/date"",""/protocolSection/statusModule/lastUpdateSubmitDate"",""/protocolSection/statusModule/primaryCompletionDateStruct/date"",""/protocolSection/statusModule/statusVerifiedDate""]|5276858229f8ed99b094e6518d64b514f86ef653f3b156e9e506efc026e12b64",high,NCT02546232,2,3,2019-02-25,timeline_significant_shift,evt_NCT02546232_v2_v3_83a12fdcb71c,8f948c80d4a4f62ce200cfda2bcd11eadc038a167bda16e79bb04cdebbc39296,24
546,high-025,"NCT03197935|32|33|timeline_significant_shift|high|[""/protocolSection/contactsLocationsModule/locations/18/facility"",""/protocolSection/contactsLocationsModule/locations/21/facility"",""/protocolSection/contactsLocationsModule/locations/26/zip"",""/protocolSection/contactsLocationsModule/locations/55/facility"",""/protocolSection/contactsLocationsModule/locations/60/facility"",""/protocolSection/contactsLocationsModule/locations/67/city"",""/protocolSection/contactsLocationsModule/locations/67/facility"",""/protocolSection/statusModule/completionDateStruct/date"",""/protocolSection/statusModule/lastUpdatePostDateStruct/date"",""/protocolSection/statusModule/lastUpdateSubmitDate"",""/protocolSection/statusModule/primaryCompletionDateStruct/date"",""/protocolSection/statusModule/primaryCompletionDateStruct/type"",""/protocolSection/statusModule/statusVerifiedDate""]|a1a2d43ce8517c29414a7a62b254798181c6e2507486662bd8b2d92c2adf1b67",high,NCT03197935,32,33,2020-04-29,timeline_significant_shift,evt_NCT03197935_v32_v33_1a5e75bd6873,97c775b6c7d22b998bbcb3161939777bf8e03e839897c3af8a717fb3077bb981,25
595,high-026,"NCT05328258|0|1|secondary_outcome_change|high|[""/protocolSection/identificationModule/briefTitle"",""/protocolSection/outcomesModule/secondaryOutcomes/5/timeFrame"",""/protocolSection/outcomesModule/secondaryOutcomes/6/timeFrame"",""/protocolSection/sponsorCollaboratorsModule/responsibleParty/investigatorTitle"",""/protocolSection/statusModule/lastUpdatePostDateStruct/date"",""/protocolSection/statusModule/lastUpdateSubmitDate"",""/protocolSection/statusModule/startDateStruct/date"",""/protocolSection/statusModule/statusVerifiedDate""]|a734e5db477156ab428ee162059de3aa143b6c7d9181c255eec070853decfb8b",high,NCT05328258,0,1,2022-10-26,secondary_outcome_change,evt_NCT05328258_v0_v1_8e9702ed3e75,a36e5f1e29eab1602a7dc631c4c64d1ee26e9c1f0f854c4d899daf2253809451,26
580,high-027,"NCT04754399|3|4|enrollment_change|high|[""/protocolSection/contactsLocationsModule/locations/0/contacts"",""/protocolSection/contactsLocationsModule/locations/0/status"",""/protocolSection/designModule/enrollmentInfo/count"",""/protocolSection/designModule/enrollmentInfo/type"",""/protocolSection/statusModule/lastUpdatePostDateStruct/date"",""/protocolSection/statusModule/lastUpdateSubmitDate"",""/protocolSection/statusModule/overallStatus"",""/protocolSection/statusModule/statusVerifiedDate""]|ef4f8a4c5984d924509768dab6f6dd36d8057adddfac6f3e3ce2b04031462862",high,NCT04754399,3,4,2023-07-17,enrollment_change,evt_NCT04754399_v3_v4_dbd651d1a8e7,a3a22ff3752edad3c4b4cc87b572f3166499f1214c396aa8b90370e7248952d9,27
504,high-028,"NCT01441947|12|13|timeline_significant_shift|high|[""/protocolSection/sponsorCollaboratorsModule/responsibleParty/investigatorFullName"",""/protocolSection/statusModule/lastUpdatePostDateStruct/date"",""/protocolSection/statusModule/lastUpdateSubmitDate"",""/protocolSection/statusModule/primaryCompletionDateStruct/date"",""/protocolSection/statusModule/statusVerifiedDate""]|52cd44f3b268dd9ec2ef1c621c9a61c68a5bf9b15469b3fb17f75353e7b1db97",high,NCT01441947,12,13,2018-12-22,timeline_significant_shift,evt_NCT01441947_v12_v13_b9c551fcd1cd,a4a1a2bd94fa201640d9362ba7b842fdcf396ce1615c42b75dc335ff6ff56c94,28
566,high-029,"NCT03820063|7|8|timeline_significant_shift|high|[""/protocolSection/statusModule/lastUpdatePostDateStruct/date"",""/protocolSection/statusModule/lastUpdateSubmitDate"",""/protocolSection/statusModule/primaryCompletionDateStruct/date"",""/protocolSection/statusModule/statusVerifiedDate""]|a9afbca5c810ff5a867457adbfc44fb4f9abaab7b28b774a4c8f179c98b09238",high,NCT03820063,7,8,2022-07-19,timeline_significant_shift,evt_NCT03820063_v7_v8_2a48ab02334d,a7d77791d09d234342070a2b3357ab94a6955885969f077128db58e429199a63,29
561,high-030,"NCT03477019|6|7|timeline_significant_shift|high|[""/protocolSection/statusModule/completionDateStruct/date"",""/protocolSection/statusModule/lastUpdatePostDateStruct/date"",""/protocolSection/statusModule/lastUpdateSubmitDate"",""/protocolSection/statusModule/primaryCompletionDateStruct/date"",""/protocolSection/statusModule/statusVerifiedDate""]|3807f941393cb55d9d42677a748346d58991673b6b26fee7cdaf5905b9519db9",high,NCT03477019,6,7,2022-01-04,timeline_significant_shift,evt_NCT03477019_v6_v7_cb7711d8393a,b000e2ede9118601083f134e0ba4cd3d0608f8d68cfdd4e291117c72b1a1c4b1,30
610,medium-001,"NCT07294508|1|2|timeline_shift|medium|[""/protocolSection/contactsLocationsModule/locations"",""/protocolSection/statusModule/lastUpdatePostDateStruct/date"",""/protocolSection/statusModule/lastUpdateSubmitDate"",""/protocolSection/statusModule/overallStatus"",""/protocolSection/statusModule/startDateStruct/date"",""/protocolSection/statusModule/startDateStruct/type"",""/protocolSection/statusModule/statusVerifiedDate""]|bcfa313f29a3006bc9fa97f0c549a3b56ca9f07a3700fa9b0530ab66660a0c55",medium,NCT07294508,1,2,2026-03-17,timeline_shift,,04931d401b476b33d9044ddf57e2de3221e0d302239921525a40cb37de1d6ffb,1
494,medium-002,"NCT00337649|35|36|timeline_shift|medium|[""/protocolSection/sponsorCollaboratorsModule/responsibleParty/oldNameTitle"",""/protocolSection/statusModule/lastUpdatePostDateStruct/date"",""/protocolSection/statusModule/lastUpdateSubmitDate"",""/protocolSection/statusModule/primaryCompletionDateStruct"",""/protocolSection/statusModule/startDateStruct"",""/protocolSection/statusModule/statusVerifiedDate""]|b7425540f4725c13fd2a9cfb2cd90fee391d5fc4768e46535a57a78e8ef0714f",medium,NCT00337649,35,36,2011-07-07,timeline_shift,,37cc81a8fee43e26205d42fb98dc57066880021fece87bbfdf13f645975f46b5,2
515,medium-003,"NCT02755272|0|1|timeline_shift|medium|[""/protocolSection/contactsLocationsModule/locations/0/status"",""/protocolSection/statusModule/lastUpdatePostDateStruct/date"",""/protocolSection/statusModule/lastUpdateSubmitDate"",""/protocolSection/statusModule/overallStatus"",""/protocolSection/statusModule/startDateStruct/date"",""/protocolSection/statusModule/statusVerifiedDate""]|c9ef0810bc0a25c102360942291b6bb628a7e696da9fbc7b0c8e737da3406bd5",medium,NCT02755272,0,1,2016-08-02,timeline_shift,,3cc46c0f8ab0a819aabbd60fea23a86560e95a3bbb2fc33c634efaa63fa424eb,3
565,medium-004,"NCT03820063|6|7|timeline_shift|medium|[""/protocolSection/contactsLocationsModule/centralContacts"",""/protocolSection/contactsLocationsModule/locations/0/contacts"",""/protocolSection/contactsLocationsModule/locations/0/status"",""/protocolSection/contactsLocationsModule/locations/1/contacts"",""/protocolSection/contactsLocationsModule/locations/1/status"",""/protocolSection/contactsLocationsModule/locations/10/city"",""/protocolSection/contactsLocationsModule/locations/10/contacts"",""/protocolSection/contactsLocationsModule/locations/10/facility"",""/protocolSection/contactsLocationsModule/locations/10/geoPoint/lat"",""/protocolSection/contactsLocationsModule/locations/10/geoPoint/lon"",""/protocolSection/contactsLocationsModule/locations/10/status"",""/protocolSection/contactsLocationsModule/locations/11/city"",""/protocolSection/contactsLocationsModule/locations/11/contacts"",""/protocolSection/contactsLocationsModule/locations/11/facility"",""/protocolSection/contactsLocationsModule/locations/11/geoPoint/lat"",""/protocolSection/contactsLocationsModule/locations/11/geoPoint/lon"",""/protocolSection/contactsLocationsModule/locations/11/status"",""/protocolSection/contactsLocationsModule/locations/12/city"",""/protocolSection/contactsLocationsModule/locations/12/contacts"",""/protocolSection/contactsLocationsModule/locations/12/facility"",""/protocolSection/contactsLocationsModule/locations/12/geoPoint/lat"",""/protocolSection/contactsLocationsModule/locations/12/geoPoint/lon"",""/protocolSection/contactsLocationsModule/locations/12/status"",""/protocolSection/contactsLocationsModule/locations/13/city"",""/protocolSection/contactsLocationsModule/locations/13/contacts"",""/protocolSection/contactsLocationsModule/locations/13/facility"",""/protocolSection/contactsLocationsModule/locations/13/geoPoint/lat"",""/protocolSection/contactsLocationsModule/locations/13/geoPoint/lon"",""/protocolSection/contactsLocationsModule/locations/13/status"",""/protocolSection/contactsLocationsModule/locations/14/city"",""/protocolSection/contactsLocationsModule/locations/14/contacts"",""/protocolSection/contactsLocationsModule/locations/14/facility"",""/protocolSection/contactsLocationsModule/locations/14/geoPoint/lat"",""/protocolSection/contactsLocationsModule/locations/14/geoPoint/lon"",""/protocolSection/contactsLocationsModule/locations/14/status"",""/protocolSection/contactsLocationsModule/locations/15/city"",""/protocolSection/contactsLocationsModule/locations/15/contacts"",""/protocolSection/contactsLocationsModule/locations/15/facility"",""/protocolSection/contactsLocationsModule/locations/15/geoPoint/lat"",""/protocolSection/contactsLocationsModule/locations/15/geoPoint/lon"",""/protocolSection/contactsLocationsModule/locations/15/status"",""/protocolSection/contactsLocationsModule/locations/16/city"",""/protocolSection/contactsLocationsModule/locations/16/contacts"",""/protocolSection/contactsLocationsModule/locations/16/facility"",""/protocolSection/contactsLocationsModule/locations/16/geoPoint/lat"",""/protocolSection/contactsLocationsModule/locations/16/geoPoint/lon"",""/protocolSection/contactsLocationsModule/locations/16/status"",""/protocolSection/contactsLocationsModule/locations/17/city"",""/protocolSection/contactsLocationsModule/locations/17/contacts"",""/protocolSection/contactsLocationsModule/locations/17/facility"",""/protocolSection/contactsLocationsModule/locations/17/geoPoint/lat"",""/protocolSection/contactsLocationsModule/locations/17/geoPoint/lon"",""/protocolSection/contactsLocationsModule/locations/17/status"",""/protocolSection/contactsLocationsModule/locations/18/contacts"",""/protocolSection/contactsLocationsModule/locations/18/facility"",""/protocolSection/contactsLocationsModule/locations/18/status"",""/protocolSection/contactsLocationsModule/locations/19/city"",""/protocolSection/contactsLocationsModule/locations/19/contacts"",""/protocolSection/contactsLocationsModule/locations/19/facility"",""/protocolSection/contactsLocationsModule/locations/19/geoPoint/lat"",""/protocolSection/contactsLocationsModule/locations/19/geoPoint/lon"",""/protocolSection/contactsLocationsModule/locations/19/status"",""/protocolSection/contactsLocationsModule/locations/2/contacts"",""/protocolSection/contactsLocationsModule/locations/2/status"",""/protocolSection/contactsLocationsModule/locations/20/city"",""/protocolSection/contactsLocationsModule/locations/20/facility"",""/protocolSection/contactsLocationsModule/locations/20/geoPoint/lat"",""/protocolSection/contactsLocationsModule/locations/20/geoPoint/lon"",""/protocolSection/contactsLocationsModule/locations/20/status"",""/protocolSection/contactsLocationsModule/locations/21/city"",""/protocolSection/contactsLocationsModule/locations/21/facility"",""/protocolSection/contactsLocationsModule/locations/21/geoPoint/lat"",""/protocolSection/contactsLocationsModule/locations/21/geoPoint/lon"",""/protocolSection/contactsLocationsModule/locations/21/status"",""/protocolSection/contactsLocationsModule/locations/22/city"",""/protocolSection/contactsLocationsModule/locations/22/contacts"",""/protocolSection/contactsLocationsModule/locations/22/facility"",""/protocolSection/contactsLocationsModule/locations/22/geoPoint/lat"",""/protocolSection/contactsLocationsModule/locations/22/geoPoint/lon"",""/protocolSection/contactsLocationsModule/locations/22/status"",""/protocolSection/contactsLocationsModule/locations/23/city"",""/protocolSection/contactsLocationsModule/locations/23/contacts"",""/protocolSection/contactsLocationsModule/locations/23/facility"",""/protocolSection/contactsLocationsModule/locations/23/geoPoint/lat"",""/protocolSection/contactsLocationsModule/locations/23/geoPoint/lon"",""/protocolSection/contactsLocationsModule/locations/23/status"",""/protocolSection/contactsLocationsModule/locations/24/city"",""/protocolSection/contactsLocationsModule/locations/24/contacts"",""/protocolSection/contactsLocationsModule/locations/24/facility"",""/protocolSection/contactsLocationsModule/locations/24/geoPoint/lat"",""/protocolSection/contactsLocationsModule/locations/24/geoPoint/lon"",""/protocolSection/contactsLocationsModule/locations/24/status"",""/protocolSection/contactsLocationsModule/locations/25/city"",""/protocolSection/contactsLocationsModule/locations/25/contacts"",""/protocolSection/contactsLocationsModule/locations/25/facility"",""/protocolSection/contactsLocationsModule/locations/25/geoPoint/lat"",""/protocolSection/contactsLocationsModule/locations/25/geoPoint/lon"",""/protocolSection/contactsLocationsModule/locations/25/status"",""/protocolSection/contactsLocationsModule/locations/26/city"",""/protocolSection/contactsLocationsModule/locations/26/contacts"",""/protocolSection/contactsLocationsModule/locations/26/facility"",""/protocolSection/contactsLocationsModule/locations/26/geoPoint/lat"",""/protocolSection/contactsLocationsModule/locations/26/geoPoint/lon"",""/protocolSection/contactsLocationsModule/locations/26/status"",""/protocolSection/contactsLocationsModule/locations/27/city"",""/protocolSection/contactsLocationsModule/locations/27/contacts"",""/protocolSection/contactsLocationsModule/locations/27/facility"",""/protocolSection/contactsLocationsModule/locations/27/geoPoint/lat"",""/protocolSection/contactsLocationsModule/locations/27/geoPoint/lon"",""/protocolSection/contactsLocationsModule/locations/27/status"",""/protocolSection/contactsLocationsModule/locations/28/city"",""/protocolSection/contactsLocationsModule/locations/28/contacts"",""/protocolSection/contactsLocationsModule/locations/28/facility"",""/protocolSection/contactsLocationsModule/locations/28/geoPoint/lat"",""/protocolSection/contactsLocationsModule/locations/28/geoPoint/lon"",""/protocolSection/contactsLocationsModule/locations/28/status"",""/protocolSection/contactsLocationsModule/locations/29/city"",""/protocolSection/contactsLocationsModule/locations/29/contacts"",""/protocolSection/contactsLocationsModule/locations/29/facility"",""/protocolSection/contactsLocationsModule/locations/29/geoPoint/lat"",""/protocolSection/contactsLocationsModule/locations/29/geoPoint/lon"",""/protocolSection/contactsLocationsModule/locations/29/status"",""/protocolSection/contactsLocationsModule/locations/3/contacts"",""/protocolSection/contactsLocationsModule/locations/3/status"",""/protocolSection/contactsLocationsModule/locations/30/city"",""/protocolSection/contactsLocationsModule/locations/30/contacts"",""/protocolSection/contactsLocationsModule/locations/30/facility"",""/protocolSection/contactsLocationsModule/locations/30/geoPoint/lat"",""/protocolSection/contactsLocationsModule/locations/30/geoPoint/lon"",""/protocolSection/contactsLocationsModule/locations/30/status"",""/protocolSection/contactsLocationsModule/locations/31/city"",""/protocolSection/contactsLocationsModule/locations/31/contacts"",""/protocolSection/contactsLocationsModule/locations/31/facility"",""/protocolSection/contactsLocationsModule/locations/31/geoPoint/lat"",""/protocolSection/contactsLocationsModule/locations/31/geoPoint/lon"",""/protocolSection/contactsLocationsModule/locations/31/status"",""/protocolSection/contactsLocationsModule/locations/32/city"",""/protocolSection/contactsLocationsModule/locations/32/contacts"",""/protocolSection/contactsLocationsModule/locations/32/facility"",""/protocolSection/contactsLocationsModule/locations/32/geoPoint/lat"",""/protocolSection/contactsLocationsModule/locations/32/geoPoint/lon"",""/protocolSection/contactsLocationsModule/locations/32/status"",""/protocolSection/contactsLocationsModule/locations/33/city"",""/protocolSection/contactsLocationsModule/locations/33/contacts"",""/protocolSection/contactsLocationsModule/locations/33/facility"",""/protocolSection/contactsLocationsModule/locations/33/geoPoint/lat"",""/protocolSection/contactsLocationsModule/locations/33/geoPoint/lon"",""/protocolSection/contactsLocationsModule/locations/33/status"",""/protocolSection/contactsLocationsModule/locations/34/city"",""/protocolSection/contactsLocationsModule/locations/34/contacts"",""/protocolSection/contactsLocationsModule/locations/34/facility"",""/protocolSection/contactsLocationsModule/locations/34/geoPoint/lat"",""/protocolSection/contactsLocationsModule/locations/34/geoPoint/lon"",""/protocolSection/contactsLocationsModule/locations/34/status"",""/protocolSection/contactsLocationsModule/locations/35/city"",""/protocolSection/contactsLocationsModule/locations/35/contacts"",""/protocolSection/contactsLocationsModule/locations/35/facility"",""/protocolSection/contactsLocationsModule/locations/35/geoPoint/lat"",""/protocolSection/contactsLocationsModule/locations/35/geoPoint/lon"",""/protocolSection/contactsLocationsModule/locations/35/status"",""/protocolSection/contactsLocationsModule/locations/36/city"",""/protocolSection/contactsLocationsModule/locations/36/contacts"",""/protocolSection/contactsLocationsModule/locations/36/facility"",""/protocolSection/contactsLocationsModule/locations/36/geoPoint/lat"",""/protocolSection/contactsLocationsModule/locations/36/geoPoint/lon"",""/protocolSection/contactsLocationsModule/locations/36/status"",""/protocolSection/contactsLocationsModule/locations/37/contacts"",""/protocolSection/contactsLocationsModule/locations/37/facility"",""/protocolSection/contactsLocationsModule/locations/37/status"",""/protocolSection/contactsLocationsModule/locations/38/contacts"",""/protocolSection/contactsLocationsModule/locations/38/facility"",""/protocolSection/contactsLocationsModule/locations/38/status"",""/protocolSection/contactsLocationsModule/locations/39/contacts"",""/protocolSection/contactsLocationsModule/locations/39/facility"",""/protocolSection/contactsLocationsModule/locations/39/status"",""/protocolSection/contactsLocationsModule/locations/4/status"",""/protocolSection/contactsLocationsModule/locations/40/city"",""/protocolSection/contactsLocationsModule/locations/40/facility"",""/protocolSection/contactsLocationsModule/locations/40/geoPoint/lat"",""/protocolSection/contactsLocationsModule/locations/40/geoPoint/lon"",""/protocolSection/contactsLocationsModule/locations/40/status"",""/protocolSection/contactsLocationsModule/locations/41/city"",""/protocolSection/contactsLocationsModule/locations/41/contacts"",""/protocolSection/contactsLocationsModule/locations/41/facility"",""/protocolSection/contactsLocationsModule/locations/41/geoPoint/lat"",""/protocolSection/contactsLocationsModule/locations/41/geoPoint/lon"",""/protocolSection/contactsLocationsModule/locations/41/status"",""/protocolSection/contactsLocationsModule/locations/42/contacts"",""/protocolSection/contactsLocationsModule/locations/42/facility"",""/protocolSection/contactsLocationsModule/locations/42/status"",""/protocolSection/contactsLocationsModule/locations/43/city"",""/protocolSection/contactsLocationsModule/locations/43/contacts"",""/protocolSection/contactsLocationsModule/locations/43/facility"",""/protocolSection/contactsLocationsModule/locations/43/geoPoint/lat"",""/protocolSection/contactsLocationsModule/locations/43/geoPoint/lon"",""/protocolSection/contactsLocationsModule/locations/43/status"",""/protocolSection/contactsLocationsModule/locations/44/city"",""/protocolSection/contactsLocationsModule/locations/44/contacts"",""/protocolSection/contactsLocationsModule/locations/44/facility"",""/protocolSection/contactsLocationsModule/locations/44/geoPoint/lat"",""/protocolSection/contactsLocationsModule/locations/44/geoPoint/lon"",""/protocolSection/contactsLocationsModule/locations/44/status"",""/protocolSection/contactsLocationsModule/locations/45/city"",""/protocolSection/contactsLocationsModule/locations/45/contacts"",""/protocolSection/contactsLocationsModule/locations/45/facility"",""/protocolSection/contactsLocationsModule/locations/45/geoPoint/lat"",""/protocolSection/contactsLocationsModule/locations/45/geoPoint/lon"",""/protocolSection/contactsLocationsModule/locations/45/status"",""/protocolSection/contactsLocationsModule/locations/46/contacts"",""/protocolSection/contactsLocationsModule/locations/46/facility"",""/protocolSection/contactsLocationsModule/locations/46/status"",""/protocolSection/contactsLocationsModule/locations/47/city"",""/protocolSection/contactsLocationsModule/locations/47/contacts"",""/protocolSection/contactsLocationsModule/locations/47/facility"",""/protocolSection/contactsLocationsModule/locations/47/geoPoint/lat"",""/protocolSection/contactsLocationsModule/locations/47/geoPoint/lon"",""/protocolSection/contactsLocationsModule/locations/47/status"",""/protocolSection/contactsLocationsModule/locations/48/city"",""/protocolSection/contactsLocationsModule/locations/48/contacts"",""/protocolSection/contactsLocationsModule/locations/48/facility"",""/protocolSection/contactsLocationsModule/locations/48/geoPoint/lat"",""/protocolSection/contactsLocationsModule/locations/48/geoPoint/lon"",""/protocolSection/contactsLocationsModule/locations/48/status"",""/protocolSection/contactsLocationsModule/locations/49/city"",""/protocolSection/contactsLocationsModule/locations/49/contacts"",""/protocolSection/contactsLocationsModule/locations/49/facility"",""/protocolSection/contactsLocationsModule/locations/49/geoPoint/lat"",""/protocolSection/contactsLocationsModule/locations/49/geoPoint/lon"",""/protocolSection/contactsLocationsModule/locations/49/status"",""/protocolSection/contactsLocationsModule/locations/5/contacts"",""/protocolSection/contactsLocationsModule/locations/5/facility"",""/protocolSection/contactsLocationsModule/locations/5/status"",""/protocolSection/contactsLocationsModule/locations/50/city"",""/protocolSection/contactsLocationsModule/locations/50/contacts"",""/protocolSection/contactsLocationsModule/locations/50/facility"",""/protocolSection/contactsLocationsModule/locations/50/geoPoint/lat"",""/protocolSection/contactsLocationsModule/locations/50/geoPoint/lon"",""/protocolSection/contactsLocationsModule/locations/50/status"",""/protocolSection/contactsLocationsModule/locations/51"",""/protocolSection/contactsLocationsModule/locations/6/contacts"",""/protocolSection/contactsLocationsModule/locations/6/facility"",""/protocolSection/contactsLocationsModule/locations/6/status"",""/protocolSection/contactsLocationsModule/locations/7/city"",""/protocolSection/contactsLocationsModule/locations/7/contacts"",""/protocolSection/contactsLocationsModule/locations/7/facility"",""/protocolSection/contactsLocationsModule/locations/7/geoPoint/lat"",""/protocolSection/contactsLocationsModule/locations/7/geoPoint/lon"",""/protocolSection/contactsLocationsModule/locations/7/status"",""/protocolSection/contactsLocationsModule/locations/8/city"",""/protocolSection/contactsLocationsModule/locations/8/contacts"",""/protocolSection/contactsLocationsModule/locations/8/facility"",""/protocolSection/contactsLocationsModule/locations/8/geoPoint/lat"",""/protocolSection/contactsLocationsModule/locations/8/geoPoint/lon"",""/protocolSection/contactsLocationsModule/locations/8/status"",""/protocolSection/contactsLocationsModule/locations/9/city"",""/protocolSection/contactsLocationsModule/locations/9/contacts"",""/protocolSection/contactsLocationsModule/locations/9/facility"",""/protocolSection/contactsLocationsModule/locations/9/geoPoint/lat"",""/protocolSection/contactsLocationsModule/locations/9/geoPoint/lon"",""/protocolSection/contactsLocationsModule/locations/9/status"",""/protocolSection/statusModule/completionDateStruct/date"",""/protocolSection/statusModule/lastUpdatePostDateStruct/date"",""/protocolSection/statusModule/lastUpdateSubmitDate"",""/protocolSection/statusModule/overallStatus"",""/protocolSection/statusModule/primaryCompletionDateStruct/date"",""/protocolSection/statusModule/statusVerifiedDate""]|983476c04bb3f8903c2c2205d80b1903bb7f5bc4bfa482d4735db26cc96e384a",medium,NCT03820063,6,7,2021-07-22,timeline_shift,,3e99c15a43c52a586a2808a7d25ec690c129fb9969fe033423f701daa358f177,4
578,medium-005,"NCT04754399|0|1|timeline_shift|medium|[""/protocolSection/contactsLocationsModule/locations/0/contacts/0"",""/protocolSection/contactsLocationsModule/locations/0/status"",""/protocolSection/statusModule/completionDateStruct/date"",""/protocolSection/statusModule/lastUpdatePostDateStruct/date"",""/protocolSection/statusModule/lastUpdateSubmitDate"",""/protocolSection/statusModule/overallStatus"",""/protocolSection/statusModule/primaryCompletionDateStruct/date"",""/protocolSection/statusModule/startDateStruct/date"",""/protocolSection/statusModule/startDateStruct/type"",""/protocolSection/statusModule/statusVerifiedDate""]|14d94703ed776a6819b5d6280f691614247f7c3ae2bfddeb9888c62e20961256",medium,NCT04754399,0,1,2021-05-06,timeline_shift,,4517989783f272b439978ebc51f8832b1e9b69fb40afea070492060a18bccbe7,5
592,medium-006,"NCT05315687|1|2|timeline_shift|medium|[""/protocolSection/statusModule/lastUpdatePostDateStruct/date"",""/protocolSection/statusModule/lastUpdateSubmitDate"",""/protocolSection/statusModule/startDateStruct/date"",""/protocolSection/statusModule/statusVerifiedDate""]|9a16ccb204c3bfa229119e6274b4cfd8dc9c1fe930a0f7f90d13333e9aa4212d",medium,NCT05315687,1,2,2022-08-29,timeline_shift,,55259314c45ca3f4ece2b77ab7567a307a0106938920f4bc4b768ddedfdb0d14,6
587,medium-007,"NCT05180006|0|1|timeline_shift|medium|[""/protocolSection/contactsLocationsModule/locations/0/contacts"",""/protocolSection/contactsLocationsModule/locations/0/status"",""/protocolSection/ipdSharingStatementModule/ipdSharing"",""/protocolSection/statusModule/lastUpdatePostDateStruct/date"",""/protocolSection/statusModule/lastUpdateSubmitDate"",""/protocolSection/statusModule/overallStatus"",""/protocolSection/statusModule/startDateStruct/date"",""/protocolSection/statusModule/startDateStruct/type"",""/protocolSection/statusModule/statusVerifiedDate""]|5d2cf3da46bbf570bb9a3aed12b4b69ac92b810687ecd9ae9e45f28e1a25e635",medium,NCT05180006,0,1,2022-03-09,timeline_shift,,5ccf20ad7f15c57b6a41af664aef334862892eec23ad5108de22c76b6a111a49,7
559,medium-008,"NCT03477019|2|3|timeline_shift|medium|[""/protocolSection/contactsLocationsModule/locations/0/status"",""/protocolSection/statusModule/lastUpdatePostDateStruct/date"",""/protocolSection/statusModule/lastUpdateSubmitDate"",""/protocolSection/statusModule/overallStatus"",""/protocolSection/statusModule/startDateStruct/date"",""/protocolSection/statusModule/startDateStruct/type"",""/protocolSection/statusModule/statusVerifiedDate""]|7683daf4251a11184e56d74b73164cd6748cf458e862765c75c230275659595c",medium,NCT03477019,2,3,2018-11-12,timeline_shift,,a1fa91096cdf0817a37011d3c33375e0a60032ebe0674ec879eff617499b2347,8
528,medium-009,"NCT02942355|0|1|timeline_shift|medium|[""/protocolSection/contactsLocationsModule/locations"",""/protocolSection/statusModule/lastUpdatePostDateStruct/date"",""/protocolSection/statusModule/lastUpdateSubmitDate"",""/protocolSection/statusModule/overallStatus"",""/protocolSection/statusModule/startDateStruct/date"",""/protocolSection/statusModule/statusVerifiedDate""]|30d9acacd43a237f611c1b73b3f23f7890b7f8b57fd85ba03553b67250a223a2",medium,NCT02942355,0,1,2016-11-16,timeline_shift,,afc1984e228aa3126c26555e0db8c64b63c15e34e932a28bc9d863ef0469748c,9
491,medium-010,"NCT00337649|23|24|timeline_shift|medium|[""/protocolSection/statusModule/completionDateStruct"",""/protocolSection/statusModule/lastUpdatePostDateStruct/date"",""/protocolSection/statusModule/lastUpdateSubmitDate"",""/protocolSection/statusModule/startDateStruct"",""/protocolSection/statusModule/statusVerifiedDate""]|44936d76bca94d4648f95ae8a10c76f2864ad9bcc6f37fdb2268f3fbe86e1e4a",medium,NCT00337649,23,24,2008-05-16,timeline_shift,,c226e17b2969e317d86440276415a7f513c39933ff5b317a4b779d30a1d015c9,10
496,medium-011,"NCT01441947|0|1|timeline_shift|medium|[""/protocolSection/contactsLocationsModule/locations/0/contacts/0"",""/protocolSection/contactsLocationsModule/locations/0/status"",""/protocolSection/statusModule/completionDateStruct"",""/protocolSection/statusModule/lastUpdatePostDateStruct/date"",""/protocolSection/statusModule/lastUpdateSubmitDate"",""/protocolSection/statusModule/overallStatus"",""/protocolSection/statusModule/statusVerifiedDate""]|a64cc0931e939b840c8c4dc81d741ca668ab0907cdff7aaf19f26980b312ea09",medium,NCT01441947,0,1,2011-10-27,timeline_shift,,dc984cc989c1f27b2df8b52fa278f2990a20646e723ad26fc01cd48f76209c09,11
567,low-001,"NCT03820063|8|9|milestone_realized|low|[""/protocolSection/statusModule/lastUpdatePostDateStruct/date"",""/protocolSection/statusModule/lastUpdateSubmitDate"",""/protocolSection/statusModule/primaryCompletionDateStruct/type"",""/protocolSection/statusModule/statusVerifiedDate""]|85f33839f72719f86b4383ebd4e97c8fe209da2fca1390d6807c013dd21e0b4e",low,NCT03820063,8,9,2023-02-21,milestone_realized,,05efa46228d32bf78cbba6c4a8a015403fbd4336d8b90d200303d2445f993c67,1
506,low-002,"NCT01441947|14|15|milestone_realized|low|[""/protocolSection/statusModule/lastUpdatePostDateStruct/date"",""/protocolSection/statusModule/lastUpdateSubmitDate"",""/protocolSection/statusModule/primaryCompletionDateStruct/type"",""/protocolSection/statusModule/statusVerifiedDate""]|ef0dcabdea5ae738582c5ecdab651e20131f05457f113171795d8bff7268a643",low,NCT01441947,14,15,2021-05-06,milestone_realized,,0b5c670c7598376722c630e26f51c087bf0145b736cc4f4f3139bdce0a788f98,2
524,low-003,"NCT02755272|14|15|administrative_contact_change|low|[""/protocolSection/contactsLocationsModule/centralContacts"",""/protocolSection/contactsLocationsModule/locations/0/contacts"",""/protocolSection/contactsLocationsModule/locations/0/status"",""/protocolSection/contactsLocationsModule/locations/1/contacts"",""/protocolSection/contactsLocationsModule/locations/1/status"",""/protocolSection/contactsLocationsModule/locations/2/contacts"",""/protocolSection/contactsLocationsModule/locations/2/status"",""/protocolSection/contactsLocationsModule/locations/3/contacts"",""/protocolSection/contactsLocationsModule/locations/3/status"",""/protocolSection/contactsLocationsModule/locations/4/contacts"",""/protocolSection/contactsLocationsModule/locations/4/status"",""/protocolSection/contactsLocationsModule/locations/5/contacts"",""/protocolSection/contactsLocationsModule/locations/5/status"",""/protocolSection/statusModule/lastUpdatePostDateStruct/date"",""/protocolSection/statusModule/lastUpdateSubmitDate"",""/protocolSection/statusModule/overallStatus"",""/protocolSection/statusModule/statusVerifiedDate""]|05d9b70c2fb595f400561d0eea40055da5179c2534f11f62d96f5e6469163289",low,NCT02755272,14,15,2023-06-23,administrative_contact_change,,1f3baea2ba72a65066c6ce81128c967c233798863433662a69e88c34e607843d,3
489,low-004,"NCT00337649|5|6|administrative_contact_change|low|[""/protocolSection/contactsLocationsModule/centralContacts"",""/protocolSection/contactsLocationsModule/locations/0/status"",""/protocolSection/contactsLocationsModule/locations/1/status"",""/protocolSection/contactsLocationsModule/locations/2/status"",""/protocolSection/contactsLocationsModule/locations/3/status"",""/protocolSection/contactsLocationsModule/locations/4/status"",""/protocolSection/contactsLocationsModule/locations/5/status"",""/protocolSection/statusModule/lastUpdatePostDateStruct/date"",""/protocolSection/statusModule/lastUpdateSubmitDate"",""/protocolSection/statusModule/overallStatus"",""/protocolSection/statusModule/statusVerifiedDate""]|eb468741465739788be02f53e8dc80ae19e035ad8f16597e8d06a6d8e7cfa37a",low,NCT00337649,5,6,2006-11-15,administrative_contact_change,,22d2eacc8908c518e3a5b189b5e6e35724cc2e8ad460f835644061faf3b0c0d9,4
597,low-005,"NCT05328258|2|3|milestone_realized|low|[""/protocolSection/contactsLocationsModule/locations/0/contacts"",""/protocolSection/contactsLocationsModule/locations/0/status"",""/protocolSection/contactsLocationsModule/locations/1/contacts"",""/protocolSection/contactsLocationsModule/locations/1/status"",""/protocolSection/contactsLocationsModule/locations/10/contacts"",""/protocolSection/contactsLocationsModule/locations/10/status"",""/protocolSection/contactsLocationsModule/locations/11/status"",""/protocolSection/contactsLocationsModule/locations/12/status"",""/protocolSection/contactsLocationsModule/locations/13/status"",""/protocolSection/contactsLocationsModule/locations/14/status"",""/protocolSection/contactsLocationsModule/locations/15/status"",""/protocolSection/contactsLocationsModule/locations/16/contacts"",""/protocolSection/contactsLocationsModule/locations/16/status"",""/protocolSection/contactsLocationsModule/locations/2/contacts"",""/protocolSection/contactsLocationsModule/locations/2/status"",""/protocolSection/contactsLocationsModule/locations/3/contacts"",""/protocolSection/contactsLocationsModule/locations/3/status"",""/protocolSection/contactsLocationsModule/locations/4/contacts"",""/protocolSection/contactsLocationsModule/locations/4/status"",""/protocolSection/contactsLocationsModule/locations/5/contacts"",""/protocolSection/contactsLocationsModule/locations/5/status"",""/protocolSection/contactsLocationsModule/locations/6/status"",""/protocolSection/contactsLocationsModule/locations/7/status"",""/protocolSection/contactsLocationsModule/locations/8/contacts"",""/protocolSection/contactsLocationsModule/locations/8/status"",""/protocolSection/contactsLocationsModule/locations/9/contacts"",""/protocolSection/contactsLocationsModule/locations/9/status"",""/protocolSection/ipdSharingStatementModule"",""/protocolSection/statusModule/lastUpdatePostDateStruct/date"",""/protocolSection/statusModule/lastUpdateSubmitDate"",""/protocolSection/statusModule/overallStatus"",""/protocolSection/statusModule/startDateStruct/type"",""/protocolSection/statusModule/statusVerifiedDate""]|861d62064ae0adbdc51c0e34241760c4e3d7804d3057b63dbfa492d4d6299365",low,NCT05328258,2,3,2023-10-25,milestone_realized,,27f44f4f347af270705a7d7a6ea5da81ffeb12c6c474451cbc04b23b916ba930,5
492,low-006,"NCT00337649|29|30|timeline_actual_date_correction|low|[""/protocolSection/contactsLocationsModule/locations/2"",""/protocolSection/contactsLocationsModule/locations/3"",""/protocolSection/statusModule/completionDateStruct/date"",""/protocolSection/statusModule/lastUpdatePostDateStruct/date"",""/protocolSection/statusModule/lastUpdateSubmitDate"",""/protocolSection/statusModule/statusVerifiedDate""]|2e4be6c157df2bdff198c3bbd054af5a5a2bb0c4082202655f1a738978c6e466",low,NCT00337649,29,30,2008-12-02,timeline_actual_date_correction,,3026eba442bc2394fcaec8ba5b38553d6f3746ee99e40f887cc0f0af5b616fca,6
606,low-007,"NCT06389006|1|2|timeline_minor_adjustment|low|[""/protocolSection/contactsLocationsModule/locations/0/status"",""/protocolSection/statusModule/lastUpdatePostDateStruct/date"",""/protocolSection/statusModule/lastUpdateSubmitDate"",""/protocolSection/statusModule/overallStatus"",""/protocolSection/statusModule/startDateStruct/date"",""/protocolSection/statusModule/startDateStruct/type""]|2d1a96627374766ec57a8e3a41a0f46521cbb97e7784ee62f4afc5c360691050",low,NCT06389006,1,2,2024-05-21,timeline_minor_adjustment,,3cf61665185c942d89f12b8aa36844fb4d539be73fee4f70250505319a915a36,7
536,low-008,"NCT02942355|18|19|timeline_actual_date_correction|low|[""/documentSection"",""/protocolSection/statusModule/lastUpdatePostDateStruct/date"",""/protocolSection/statusModule/lastUpdateSubmitDate"",""/protocolSection/statusModule/startDateStruct/date"",""/protocolSection/statusModule/statusVerifiedDate""]|fd8f364e870c463ab47df456d783e966f2f0aaac540d3341efa2babf07401fb2",low,NCT02942355,18,19,2023-02-03,timeline_actual_date_correction,,4458086e8abfbe86cc18e4c09a36a0036d82ec29fe20c17690e0ed968ca71fff,8
539,low-009,"NCT03197935|2|3|timeline_minor_adjustment|low|[""/protocolSection/contactsLocationsModule/locations/0/city"",""/protocolSection/contactsLocationsModule/locations/0/geoPoint/lat"",""/protocolSection/contactsLocationsModule/locations/0/geoPoint/lon"",""/protocolSection/contactsLocationsModule/locations/0/status"",""/protocolSection/contactsLocationsModule/locations/0/zip"",""/protocolSection/contactsLocationsModule/locations/1/city"",""/protocolSection/contactsLocationsModule/locations/1/facility"",""/protocolSection/contactsLocationsModule/locations/1/geoPoint/lat"",""/protocolSection/contactsLocationsModule/locations/1/geoPoint/lon"",""/protocolSection/contactsLocationsModule/locations/1/state"",""/protocolSection/contactsLocationsModule/locations/1/zip"",""/protocolSection/contactsLocationsModule/locations/10"",""/protocolSection/contactsLocationsModule/locations/11"",""/protocolSection/contactsLocationsModule/locations/12"",""/protocolSection/contactsLocationsModule/locations/14/status"",""/protocolSection/contactsLocationsModule/locations/15/status"",""/protocolSection/contactsLocationsModule/locations/16/city"",""/protocolSection/contactsLocationsModule/locations/16/facility"",""/protocolSection/contactsLocationsModule/locations/16/geoPoint/lat"",""/protocolSection/contactsLocationsModule/locations/16/geoPoint/lon"",""/protocolSection/contactsLocationsModule/locations/16/status"",""/protocolSection/contactsLocationsModule/locations/16/zip"",""/protocolSection/contactsLocationsModule/locations/17/facility"",""/protocolSection/contactsLocationsModule/locations/17/status"",""/protocolSection/contactsLocationsModule/locations/17/zip"",""/protocolSection/contactsLocationsModule/locations/18/city"",""/protocolSection/contactsLocationsModule/locations/18/facility"",""/protocolSection/contactsLocationsModule/locations/18/geoPoint/lat"",""/protocolSection/contactsLocationsModule/locations/18/geoPoint/lon"",""/protocolSection/contactsLocationsModule/locations/18/state"",""/protocolSection/contactsLocationsModule/locations/18/status"",""/protocolSection/contactsLocationsModule/locations/18/zip"",""/protocolSection/contactsLocationsModule/locations/19/city"",""/protocolSection/contactsLocationsModule/locations/19/facility"",""/protocolSection/contactsLocationsModule/locations/19/geoPoint/lat"",""/protocolSection/contactsLocationsModule/locations/19/geoPoint/lon"",""/protocolSection/contactsLocationsModule/locations/19/status"",""/protocolSection/contactsLocationsModule/locations/19/zip"",""/protocolSection/contactsLocationsModule/locations/2/city"",""/protocolSection/contactsLocationsModule/locations/2/facility"",""/protocolSection/contactsLocationsModule/locations/2/geoPoint/lat"",""/protocolSection/contactsLocationsModule/locations/2/geoPoint/lon"",""/protocolSection/contactsLocationsModule/locations/2/status"",""/protocolSection/contactsLocationsModule/locations/2/zip"",""/protocolSection/contactsLocationsModule/locations/20/city"",""/protocolSection/contactsLocationsModule/locations/20/facility"",""/protocolSection/contactsLocationsModule/locations/20/geoPoint/lat"",""/protocolSection/contactsLocationsModule/locations/20/geoPoint/lon"",""/protocolSection/contactsLocationsModule/locations/20/state"",""/protocolSection/contactsLocationsModule/locations/20/status"",""/protocolSection/contactsLocationsModule/locations/20/zip"",""/protocolSection/contactsLocationsModule/locations/21/city"",""/protocolSection/contactsLocationsModule/locations/21/country"",""/protocolSection/contactsLocationsModule/locations/21/facility"",""/protocolSection/contactsLocationsModule/locations/21/geoPoint/lat"",""/protocolSection/contactsLocationsModule/locations/21/geoPoint/lon"",""/protocolSection/contactsLocationsModule/locations/21/state"",""/protocolSection/contactsLocationsModule/locations/21/status"",""/protocolSection/contactsLocationsModule/locations/21/zip"",""/protocolSection/contactsLocationsModule/locations/22/city"",""/protocolSection/contactsLocationsModule/locations/22/country"",""/protocolSection/contactsLocationsModule/locations/22/facility"",""/protocolSection/contactsLocationsModule/locations/22/geoPoint/lat"",""/protocolSection/contactsLocationsModule/locations/22/geoPoint/lon"",""/protocolSection/contactsLocationsModule/locations/22/state"",""/protocolSection/contactsLocationsModule/locations/22/zip"",""/protocolSection/contactsLocationsModule/locations/23/city"",""/protocolSection/contactsLocationsModule/locations/23/facility"",""/protocolSection/contactsLocationsModule/locations/23/geoPoint/lat"",""/protocolSection/contactsLocationsModule/locations/23/geoPoint/lon"",""/protocolSection/contactsLocationsModule/locations/23/state"",""/protocolSection/contactsLocationsModule/locations/23/status"",""/protocolSection/contactsLocationsModule/locations/23/zip"",""/protocolSection/contactsLocationsModule/locations/24/city"",""/protocolSection/contactsLocationsModule/locations/24/country"",""/protocolSection/contactsLocationsModule/locations/24/facility"",""/protocolSection/contactsLocationsModule/locations/24/geoPoint/lat"",""/protocolSection/contactsLocationsModule/locations/24/geoPoint/lon"",""/protocolSection/contactsLocationsModule/locations/24/state"",""/protocolSection/contactsLocationsModule/locations/24/status"",""/protocolSection/contactsLocationsModule/locations/24/zip"",""/protocolSection/contactsLocationsModule/locations/25/city"",""/protocolSection/contactsLocationsModule/locations/25/country"",""/protocolSection/contactsLocationsModule/locations/25/facility"",""/protocolSection/contactsLocationsModule/locations/25/geoPoint/lat"",""/protocolSection/contactsLocationsModule/locations/25/geoPoint/lon"",""/protocolSection/contactsLocationsModule/locations/25/state"",""/protocolSection/contactsLocationsModule/locations/25/status"",""/protocolSection/contactsLocationsModule/locations/25/zip"",""/protocolSection/contactsLocationsModule/locations/26/city"",""/protocolSection/contactsLocationsModule/locations/26/facility"",""/protocolSection/contactsLocationsModule/locations/26/geoPoint/lat"",""/protocolSection/contactsLocationsModule/locations/26/geoPoint/lon"",""/protocolSection/contactsLocationsModule/locations/26/status"",""/protocolSection/contactsLocationsModule/locations/26/zip"",""/protocolSection/contactsLocationsModule/locations/27/city"",""/protocolSection/contactsLocationsModule/locations/27/facility"",""/protocolSection/contactsLocationsModule/locations/27/geoPoint/lat"",""/protocolSection/contactsLocationsModule/locations/27/geoPoint/lon"",""/protocolSection/contactsLocationsModule/locations/27/status"",""/protocolSection/contactsLocationsModule/locations/27/zip"",""/protocolSection/contactsLocationsModule/locations/28/city"",""/protocolSection/contactsLocationsModule/locations/28/country"",""/protocolSection/contactsLocationsModule/locations/28/facility"",""/protocolSection/contactsLocationsModule/locations/28/geoPoint/lat"",""/protocolSection/contactsLocationsModule/locations/28/geoPoint/lon"",""/protocolSection/contactsLocationsModule/locations/28/state"",""/protocolSection/contactsLocationsModule/locations/28/status"",""/protocolSection/contactsLocationsModule/locations/28/zip"",""/protocolSection/contactsLocationsModule/locations/29"",""/protocolSection/contactsLocationsModule/locations/3/city"",""/protocolSection/contactsLocationsModule/locations/3/facility"",""/protocolSection/contactsLocationsModule/locations/3/geoPoint/lat"",""/protocolSection/contactsLocationsModule/locations/3/geoPoint/lon"",""/protocolSection/contactsLocationsModule/locations/3/status"",""/protocolSection/contactsLocationsModule/locations/3/zip"",""/protocolSection/contactsLocationsModule/locations/30"",""/protocolSection/contactsLocationsModule/locations/32/status"",""/protocolSection/contactsLocationsModule/locations/33/status"",""/protocolSection/contactsLocationsModule/locations/34/status"",""/protocolSection/contactsLocationsModule/locations/34/zip"",""/protocolSection/contactsLocationsModule/locations/35/status"",""/protocolSection/contactsLocationsModule/locations/37/status"",""/protocolSection/contactsLocationsModule/locations/39/status"",""/protocolSection/contactsLocationsModule/locations/4/city"",""/protocolSection/contactsLocationsModule/locations/4/facility"",""/protocolSection/contactsLocationsModule/locations/4/geoPoint/lat"",""/protocolSection/contactsLocationsModule/locations/4/geoPoint/lon"",""/protocolSection/contactsLocationsModule/locations/4/state"",""/protocolSection/contactsLocationsModule/locations/4/status"",""/protocolSection/contactsLocationsModule/locations/4/zip"",""/protocolSection/contactsLocationsModule/locations/40/status"",""/protocolSection/contactsLocationsModule/locations/41/facility"",""/protocolSection/contactsLocationsModule/locations/41/status"",""/protocolSection/contactsLocationsModule/locations/41/zip"",""/protocolSection/contactsLocationsModule/locations/42/city"",""/protocolSection/contactsLocationsModule/locations/42/facility"",""/protocolSection/contactsLocationsModule/locations/42/geoPoint/lat"",""/protocolSection/contactsLocationsModule/locations/42/geoPoint/lon"",""/protocolSection/contactsLocationsModule/locations/42/status"",""/protocolSection/contactsLocationsModule/locations/42/zip"",""/protocolSection/contactsLocationsModule/locations/43/city"",""/protocolSection/contactsLocationsModule/locations/43/country"",""/protocolSection/contactsLocationsModule/locations/43/facility"",""/protocolSection/contactsLocationsModule/locations/43/geoPoint/lat"",""/protocolSection/contactsLocationsModule/locations/43/geoPoint/lon"",""/protocolSection/contactsLocationsModule/locations/43/state"",""/protocolSection/contactsLocationsModule/locations/43/status"",""/protocolSection/contactsLocationsModule/locations/43/zip"",""/protocolSection/contactsLocationsModule/locations/44/city"",""/protocolSection/contactsLocationsModule/locations/44/facility"",""/protocolSection/contactsLocationsModule/locations/44/geoPoint/lat"",""/protocolSection/contactsLocationsModule/locations/44/geoPoint/lon"",""/protocolSection/contactsLocationsModule/locations/44/status"",""/protocolSection/contactsLocationsModule/locations/44/zip"",""/protocolSection/contactsLocationsModule/locations/45/city"",""/protocolSection/contactsLocationsModule/locations/45/facility"",""/protocolSection/contactsLocationsModule/locations/45/geoPoint/lat"",""/protocolSection/contactsLocationsModule/locations/45/geoPoint/lon"",""/protocolSection/contactsLocationsModule/locations/45/zip"",""/protocolSection/contactsLocationsModule/locations/46/city"",""/protocolSection/contactsLocationsModule/locations/46/facility"",""/protocolSection/contactsLocationsModule/locations/46/geoPoint/lat"",""/protocolSection/contactsLocationsModule/locations/46/geoPoint/lon"",""/protocolSection/contactsLocationsModule/locations/46/status"",""/protocolSection/contactsLocationsModule/locations/46/zip"",""/protocolSection/contactsLocationsModule/locations/47/city"",""/protocolSection/contactsLocationsModule/locations/47/facility"",""/protocolSection/contactsLocationsModule/locations/47/geoPoint/lat"",""/protocolSection/contactsLocationsModule/locations/47/geoPoint/lon"",""/protocolSection/contactsLocationsModule/locations/47/status"",""/protocolSection/contactsLocationsModule/locations/47/zip"",""/protocolSection/contactsLocationsModule/locations/48/city"",""/protocolSection/contactsLocationsModule/locations/48/facility"",""/protocolSection/contactsLocationsModule/locations/48/geoPoint/lat"",""/protocolSection/contactsLocationsModule/locations/48/geoPoint/lon"",""/protocolSection/contactsLocationsModule/locations/48/status"",""/protocolSection/contactsLocationsModule/locations/48/zip"",""/protocolSection/contactsLocationsModule/locations/49/city"",""/protocolSection/contactsLocationsModule/locations/49/facility"",""/protocolSection/contactsLocationsModule/locations/49/geoPoint/lat"",""/protocolSection/contactsLocationsModule/locations/49/geoPoint/lon"",""/protocolSection/contactsLocationsModule/locations/49/status"",""/protocolSection/contactsLocationsModule/locations/49/zip"",""/protocolSection/contactsLocationsModule/locations/5"",""/protocolSection/contactsLocationsModule/locations/50/city"",""/protocolSection/contactsLocationsModule/locations/50/facility"",""/protocolSection/contactsLocationsModule/locations/50/geoPoint/lat"",""/protocolSection/contactsLocationsModule/locations/50/geoPoint/lon"",""/protocolSection/contactsLocationsModule/locations/50/status"",""/protocolSection/contactsLocationsModule/locations/50/zip"",""/protocolSection/contactsLocationsModule/locations/51/city"",""/protocolSection/contactsLocationsModule/locations/51/facility"",""/protocolSection/contactsLocationsModule/locations/51/geoPoint/lat"",""/protocolSection/contactsLocationsModule/locations/51/geoPoint/lon"",""/protocolSection/contactsLocationsModule/locations/51/status"",""/protocolSection/contactsLocationsModule/locations/51/zip"",""/protocolSection/contactsLocationsModule/locations/52/city"",""/protocolSection/contactsLocationsModule/locations/52/facility"",""/protocolSection/contactsLocationsModule/locations/52/geoPoint/lat"",""/protocolSection/contactsLocationsModule/locations/52/geoPoint/lon"",""/protocolSection/contactsLocationsModule/locations/52/status"",""/protocolSection/contactsLocationsModule/locations/52/zip"",""/protocolSection/contactsLocationsModule/locations/53/city"",""/protocolSection/contactsLocationsModule/locations/53/country"",""/protocolSection/contactsLocationsModule/locations/53/facility"",""/protocolSection/contactsLocationsModule/locations/53/geoPoint/lat"",""/protocolSection/contactsLocationsModule/locations/53/geoPoint/lon"",""/protocolSection/contactsLocationsModule/locations/53/status"",""/protocolSection/contactsLocationsModule/locations/53/zip"",""/protocolSection/contactsLocationsModule/locations/54/city"",""/protocolSection/contactsLocationsModule/locations/54/country"",""/protocolSection/contactsLocationsModule/locations/54/facility"",""/protocolSection/contactsLocationsModule/locations/54/geoPoint"",""/protocolSection/contactsLocationsModule/locations/54/status"",""/protocolSection/contactsLocationsModule/locations/54/zip"",""/protocolSection/contactsLocationsModule/locations/55/city"",""/protocolSection/contactsLocationsModule/locations/55/facility"",""/protocolSection/contactsLocationsModule/locations/55/geoPoint/lat"",""/protocolSection/contactsLocationsModule/locations/55/geoPoint/lon"",""/protocolSection/contactsLocationsModule/locations/55/status"",""/protocolSection/contactsLocationsModule/locations/55/zip"",""/protocolSection/contactsLocationsModule/locations/56/city"",""/protocolSection/contactsLocationsModule/locations/56/facility"",""/protocolSection/contactsLocationsModule/locations/56/geoPoint"",""/protocolSection/contactsLocationsModule/locations/56/status"",""/protocolSection/contactsLocationsModule/locations/56/zip"",""/protocolSection/contactsLocationsModule/locations/57/city"",""/protocolSection/contactsLocationsModule/locations/57/facility"",""/protocolSection/contactsLocationsModule/locations/57/geoPoint/lat"",""/protocolSection/contactsLocationsModule/locations/57/geoPoint/lon"",""/protocolSection/contactsLocationsModule/locations/57/status"",""/protocolSection/contactsLocationsModule/locations/57/zip"",""/protocolSection/contactsLocationsModule/locations/58/city"",""/protocolSection/contactsLocationsModule/locations/58/facility"",""/protocolSection/contactsLocationsModule/locations/58/geoPoint/lat"",""/protocolSection/contactsLocationsModule/locations/58/geoPoint/lon"",""/protocolSection/contactsLocationsModule/locations/58/status"",""/protocolSection/contactsLocationsModule/locations/58/zip"",""/protocolSection/contactsLocationsModule/locations/59/city"",""/protocolSection/contactsLocationsModule/locations/59/facility"",""/protocolSection/contactsLocationsModule/locations/59/geoPoint"",""/protocolSection/contactsLocationsModule/locations/59/zip"",""/protocolSection/contactsLocationsModule/locations/60/city"",""/protocolSection/contactsLocationsModule/locations/60/facility"",""/protocolSection/contactsLocationsModule/locations/60/geoPoint/lat"",""/protocolSection/contactsLocationsModule/locations/60/geoPoint/lon"",""/protocolSection/contactsLocationsModule/locations/60/zip"",""/protocolSection/contactsLocationsModule/locations/61/city"",""/protocolSection/contactsLocationsModule/locations/61/country"",""/protocolSection/contactsLocationsModule/locations/61/facility"",""/protocolSection/contactsLocationsModule/locations/61/geoPoint/lat"",""/protocolSection/contactsLocationsModule/locations/61/geoPoint/lon"",""/protocolSection/contactsLocationsModule/locations/61/status"",""/protocolSection/contactsLocationsModule/locations/61/zip"",""/protocolSection/contactsLocationsModule/locations/62/city"",""/protocolSection/contactsLocationsModule/locations/62/country"",""/protocolSection/contactsLocationsModule/locations/62/facility"",""/protocolSection/contactsLocationsModule/locations/62/geoPoint/lat"",""/protocolSection/contactsLocationsModule/locations/62/geoPoint/lon"",""/protocolSection/contactsLocationsModule/locations/62/status"",""/protocolSection/contactsLocationsModule/locations/62/zip"",""/protocolSection/contactsLocationsModule/locations/63/city"",""/protocolSection/contactsLocationsModule/locations/63/country"",""/protocolSection/contactsLocationsModule/locations/63/facility"",""/protocolSection/contactsLocationsModule/locations/63/geoPoint/lat"",""/protocolSection/contactsLocationsModule/locations/63/geoPoint/lon"",""/protocolSection/contactsLocationsModule/locations/63/status"",""/protocolSection/contactsLocationsModule/locations/63/zip"",""/protocolSection/contactsLocationsModule/locations/64/city"",""/protocolSection/contactsLocationsModule/locations/64/country"",""/protocolSection/contactsLocationsModule/locations/64/facility"",""/protocolSection/contactsLocationsModule/locations/64/geoPoint/lat"",""/protocolSection/contactsLocationsModule/locations/64/geoPoint/lon"",""/protocolSection/contactsLocationsModule/locations/64/status"",""/protocolSection/contactsLocationsModule/locations/64/zip"",""/protocolSection/contactsLocationsModule/locations/65/city"",""/protocolSection/contactsLocationsModule/locations/65/country"",""/protocolSection/contactsLocationsModule/locations/65/facility"",""/protocolSection/contactsLocationsModule/locations/65/geoPoint/lat"",""/protocolSection/contactsLocationsModule/locations/65/geoPoint/lon"",""/protocolSection/contactsLocationsModule/locations/65/status"",""/protocolSection/contactsLocationsModule/locations/65/zip"",""/protocolSection/contactsLocationsModule/locations/66/city"",""/protocolSection/contactsLocationsModule/locations/66/country"",""/protocolSection/contactsLocationsModule/locations/66/facility"",""/protocolSection/contactsLocationsModule/locations/66/geoPoint/lat"",""/protocolSection/contactsLocationsModule/locations/66/geoPoint/lon"",""/protocolSection/contactsLocationsModule/locations/66/status"",""/protocolSection/contactsLocationsModule/locations/66/zip"",""/protocolSection/contactsLocationsModule/locations/67/city"",""/protocolSection/contactsLocationsModule/locations/67/country"",""/protocolSection/contactsLocationsModule/locations/67/facility"",""/protocolSection/contactsLocationsModule/locations/67/geoPoint/lat"",""/protocolSection/contactsLocationsModule/locations/67/geoPoint/lon"",""/protocolSection/contactsLocationsModule/locations/67/status"",""/protocolSection/contactsLocationsModule/locations/67/zip"",""/protocolSection/contactsLocationsModule/locations/68/city"",""/protocolSection/contactsLocationsModule/locations/68/country"",""/protocolSection/contactsLocationsModule/locations/68/facility"",""/protocolSection/contactsLocationsModule/locations/68/geoPoint/lat"",""/protocolSection/contactsLocationsModule/locations/68/geoPoint/lon"",""/protocolSection/contactsLocationsModule/locations/68/status"",""/protocolSection/contactsLocationsModule/locations/68/zip"",""/protocolSection/contactsLocationsModule/locations/69/city"",""/protocolSection/contactsLocationsModule/locations/69/country"",""/protocolSection/contactsLocationsModule/locations/69/facility"",""/protocolSection/contactsLocationsModule/locations/69/geoPoint/lat"",""/protocolSection/contactsLocationsModule/locations/69/geoPoint/lon"",""/protocolSection/contactsLocationsModule/locations/69/status"",""/protocolSection/contactsLocationsModule/locations/69/zip"",""/protocolSection/contactsLocationsModule/locations/7/facility"",""/protocolSection/contactsLocationsModule/locations/7/zip"",""/protocolSection/contactsLocationsModule/locations/70/city"",""/protocolSection/contactsLocationsModule/locations/70/country"",""/protocolSection/contactsLocationsModule/locations/70/facility"",""/protocolSection/contactsLocationsModule/locations/70/geoPoint/lat"",""/protocolSection/contactsLocationsModule/locations/70/geoPoint/lon"",""/protocolSection/contactsLocationsModule/locations/70/status"",""/protocolSection/contactsLocationsModule/locations/70/zip"",""/protocolSection/contactsLocationsModule/locations/71/city"",""/protocolSection/contactsLocationsModule/locations/71/country"",""/protocolSection/contactsLocationsModule/locations/71/facility"",""/protocolSection/contactsLocationsModule/locations/71/geoPoint/lat"",""/protocolSection/contactsLocationsModule/locations/71/geoPoint/lon"",""/protocolSection/contactsLocationsModule/locations/71/status"",""/protocolSection/contactsLocationsModule/locations/71/zip"",""/protocolSection/contactsLocationsModule/locations/72"",""/protocolSection/contactsLocationsModule/locations/73"",""/protocolSection/contactsLocationsModule/locations/74"",""/protocolSection/contactsLocationsModule/locations/75"",""/protocolSection/contactsLocationsModule/locations/8/city"",""/protocolSection/contactsLocationsModule/locations/8/facility"",""/protocolSection/contactsLocationsModule/locations/8/geoPoint/lat"",""/protocolSection/contactsLocationsModule/locations/8/geoPoint/lon"",""/protocolSection/contactsLocationsModule/locations/8/state"",""/protocolSection/contactsLocationsModule/locations/8/status"",""/protocolSection/contactsLocationsModule/locations/8/zip"",""/protocolSection/contactsLocationsModule/locations/9/city"",""/protocolSection/contactsLocationsModule/locations/9/facility"",""/protocolSection/contactsLocationsModule/locations/9/geoPoint/lat"",""/protocolSection/contactsLocationsModule/locations/9/geoPoint/lon"",""/protocolSection/contactsLocationsModule/locations/9/state"",""/protocolSection/contactsLocationsModule/locations/9/status"",""/protocolSection/contactsLocationsModule/locations/9/zip"",""/protocolSection/statusModule/lastUpdatePostDateStruct/date"",""/protocolSection/statusModule/lastUpdateSubmitDate"",""/protocolSection/statusModule/startDateStruct/date"",""/protocolSection/statusModule/startDateStruct/type"",""/protocolSection/statusModule/statusVerifiedDate""]|7d12e6f9cadd98d9428b4ca41cc7f52f05ffb655f16130f67bb02e0c10f6c1a2",low,NCT03197935,2,3,2018-01-29,timeline_minor_adjustment,,463ad8705bacf4b0f1b0b6da861902fd50ff6812bba2b5ffa95445ecfa6e8b68,9
544,low-010,"NCT03197935|27|28|administrative_contact_change|low|[""/protocolSection/contactsLocationsModule/centralContacts"",""/protocolSection/contactsLocationsModule/locations/0/status"",""/protocolSection/contactsLocationsModule/locations/1/status"",""/protocolSection/contactsLocationsModule/locations/10/city"",""/protocolSection/contactsLocationsModule/locations/10/facility"",""/protocolSection/contactsLocationsModule/locations/10/geoPoint/lat"",""/protocolSection/contactsLocationsModule/locations/10/geoPoint/lon"",""/protocolSection/contactsLocationsModule/locations/10/state"",""/protocolSection/contactsLocationsModule/locations/10/status"",""/protocolSection/contactsLocationsModule/locations/10/zip"",""/protocolSection/contactsLocationsModule/locations/11/city"",""/protocolSection/contactsLocationsModule/locations/11/facility"",""/protocolSection/contactsLocationsModule/locations/11/geoPoint/lat"",""/protocolSection/contactsLocationsModule/locations/11/geoPoint/lon"",""/protocolSection/contactsLocationsModule/locations/11/state"",""/protocolSection/contactsLocationsModule/locations/11/status"",""/protocolSection/contactsLocationsModule/locations/11/zip"",""/protocolSection/contactsLocationsModule/locations/12/city"",""/protocolSection/contactsLocationsModule/locations/12/facility"",""/protocolSection/contactsLocationsModule/locations/12/geoPoint/lat"",""/protocolSection/contactsLocationsModule/locations/12/geoPoint/lon"",""/protocolSection/contactsLocationsModule/locations/12/state"",""/protocolSection/contactsLocationsModule/locations/12/status"",""/protocolSection/contactsLocationsModule/locations/12/zip"",""/protocolSection/contactsLocationsModule/locations/13/city"",""/protocolSection/contactsLocationsModule/locations/13/facility"",""/protocolSection/contactsLocationsModule/locations/13/geoPoint/lat"",""/protocolSection/contactsLocationsModule/locations/13/geoPoint/lon"",""/protocolSection/contactsLocationsModule/locations/13/state"",""/protocolSection/contactsLocationsModule/locations/13/status"",""/protocolSection/contactsLocationsModule/locations/13/zip"",""/protocolSection/contactsLocationsModule/locations/14/city"",""/protocolSection/contactsLocationsModule/locations/14/facility"",""/protocolSection/contactsLocationsModule/locations/14/geoPoint/lat"",""/protocolSection/contactsLocationsModule/locations/14/geoPoint/lon"",""/protocolSection/contactsLocationsModule/locations/14/state"",""/protocolSection/contactsLocationsModule/locations/14/status"",""/protocolSection/contactsLocationsModule/locations/14/zip"",""/protocolSection/contactsLocationsModule/locations/15/city"",""/protocolSection/contactsLocationsModule/locations/15/facility"",""/protocolSection/contactsLocationsModule/locations/15/geoPoint/lat"",""/protocolSection/contactsLocationsModule/locations/15/geoPoint/lon"",""/protocolSection/contactsLocationsModule/locations/15/state"",""/protocolSection/contactsLocationsModule/locations/15/status"",""/protocolSection/contactsLocationsModule/locations/15/zip"",""/protocolSection/contactsLocationsModule/locations/16/city"",""/protocolSection/contactsLocationsModule/locations/16/facility"",""/protocolSection/contactsLocationsModule/locations/16/geoPoint/lat"",""/protocolSection/contactsLocationsModule/locations/16/geoPoint/lon"",""/protocolSection/contactsLocationsModule/locations/16/state"",""/protocolSection/contactsLocationsModule/locations/16/status"",""/protocolSection/contactsLocationsModule/locations/16/zip"",""/protocolSection/contactsLocationsModule/locations/17/city"",""/protocolSection/contactsLocationsModule/locations/17/country"",""/protocolSection/contactsLocationsModule/locations/17/facility"",""/protocolSection/contactsLocationsModule/locations/17/geoPoint/lat"",""/protocolSection/contactsLocationsModule/locations/17/geoPoint/lon"",""/protocolSection/contactsLocationsModule/locations/17/state"",""/protocolSection/contactsLocationsModule/locations/17/status"",""/protocolSection/contactsLocationsModule/locations/17/zip"",""/protocolSection/contactsLocationsModule/locations/18/city"",""/protocolSection/contactsLocationsModule/locations/18/country"",""/protocolSection/contactsLocationsModule/locations/18/facility"",""/protocolSection/contactsLocationsModule/locations/18/geoPoint/lat"",""/protocolSection/contactsLocationsModule/locations/18/geoPoint/lon"",""/protocolSection/contactsLocationsModule/locations/18/state"",""/protocolSection/contactsLocationsModule/locations/18/status"",""/protocolSection/contactsLocationsModule/locations/18/zip"",""/protocolSection/contactsLocationsModule/locations/19/city"",""/protocolSection/contactsLocationsModule/locations/19/country"",""/protocolSection/contactsLocationsModule/locations/19/facility"",""/protocolSection/contactsLocationsModule/locations/19/geoPoint/lat"",""/protocolSection/contactsLocationsModule/locations/19/geoPoint/lon"",""/protocolSection/contactsLocationsModule/locations/19/state"",""/protocolSection/contactsLocationsModule/locations/19/status"",""/protocolSection/contactsLocationsModule/locations/19/zip"",""/protocolSection/contactsLocationsModule/locations/2/city"",""/protocolSection/contactsLocationsModule/locations/2/facility"",""/protocolSection/contactsLocationsModule/locations/2/geoPoint/lat"",""/protocolSection/contactsLocationsModule/locations/2/geoPoint/lon"",""/protocolSection/contactsLocationsModule/locations/2/state"",""/protocolSection/contactsLocationsModule/locations/2/status"",""/protocolSection/contactsLocationsModule/locations/2/zip"",""/protocolSection/contactsLocationsModule/locations/20/city"",""/protocolSection/contactsLocationsModule/locations/20/country"",""/protocolSection/contactsLocationsModule/locations/20/facility"",""/protocolSection/contactsLocationsModule/locations/20/geoPoint/lat"",""/protocolSection/contactsLocationsModule/locations/20/geoPoint/lon"",""/protocolSection/contactsLocationsModule/locations/20/state"",""/protocolSection/contactsLocationsModule/locations/20/status"",""/protocolSection/contactsLocationsModule/locations/20/zip"",""/protocolSection/contactsLocationsModule/locations/21/city"",""/protocolSection/contactsLocationsModule/locations/21/country"",""/protocolSection/contactsLocationsModule/locations/21/facility"",""/protocolSection/contactsLocationsModule/locations/21/geoPoint/lat"",""/protocolSection/contactsLocationsModule/locations/21/geoPoint/lon"",""/protocolSection/contactsLocationsModule/locations/21/state"",""/protocolSection/contactsLocationsModule/locations/21/status"",""/protocolSection/contactsLocationsModule/locations/21/zip"",""/protocolSection/contactsLocationsModule/locations/22/city"",""/protocolSection/contactsLocationsModule/locations/22/country"",""/protocolSection/contactsLocationsModule/locations/22/facility"",""/protocolSection/contactsLocationsModule/locations/22/geoPoint/lat"",""/protocolSection/contactsLocationsModule/locations/22/geoPoint/lon"",""/protocolSection/contactsLocationsModule/locations/22/state"",""/protocolSection/contactsLocationsModule/locations/22/status"",""/protocolSection/contactsLocationsModule/locations/22/zip"",""/protocolSection/contactsLocationsModule/locations/23/city"",""/protocolSection/contactsLocationsModule/locations/23/country"",""/protocolSection/contactsLocationsModule/locations/23/facility"",""/protocolSection/contactsLocationsModule/locations/23/geoPoint/lat"",""/protocolSection/contactsLocationsModule/locations/23/geoPoint/lon"",""/protocolSection/contactsLocationsModule/locations/23/state"",""/protocolSection/contactsLocationsModule/locations/23/status"",""/protocolSection/contactsLocationsModule/locations/23/zip"",""/protocolSection/contactsLocationsModule/locations/24/city"",""/protocolSection/contactsLocationsModule/locations/24/country"",""/protocolSection/contactsLocationsModule/locations/24/facility"",""/protocolSection/contactsLocationsModule/locations/24/geoPoint/lat"",""/protocolSection/contactsLocationsModule/locations/24/geoPoint/lon"",""/protocolSection/contactsLocationsModule/locations/24/state"",""/protocolSection/contactsLocationsModule/locations/24/status"",""/protocolSection/contactsLocationsModule/locations/24/zip"",""/protocolSection/contactsLocationsModule/locations/25/city"",""/protocolSection/contactsLocationsModule/locations/25/country"",""/protocolSection/contactsLocationsModule/locations/25/facility"",""/protocolSection/contactsLocationsModule/locations/25/geoPoint/lat"",""/protocolSection/contactsLocationsModule/locations/25/geoPoint/lon"",""/protocolSection/contactsLocationsModule/locations/25/state"",""/protocolSection/contactsLocationsModule/locations/25/status"",""/protocolSection/contactsLocationsModule/locations/25/zip"",""/protocolSection/contactsLocationsModule/locations/26/city"",""/protocolSection/contactsLocationsModule/locations/26/country"",""/protocolSection/contactsLocationsModule/locations/26/facility"",""/protocolSection/contactsLocationsModule/locations/26/geoPoint/lat"",""/protocolSection/contactsLocationsModule/locations/26/geoPoint/lon"",""/protocolSection/contactsLocationsModule/locations/26/state"",""/protocolSection/contactsLocationsModule/locations/26/status"",""/protocolSection/contactsLocationsModule/locations/26/zip"",""/protocolSection/contactsLocationsModule/locations/27/city"",""/protocolSection/contactsLocationsModule/locations/27/country"",""/protocolSection/contactsLocationsModule/locations/27/facility"",""/protocolSection/contactsLocationsModule/locations/27/geoPoint/lat"",""/protocolSection/contactsLocationsModule/locations/27/geoPoint/lon"",""/protocolSection/contactsLocationsModule/locations/27/state"",""/protocolSection/contactsLocationsModule/locations/27/status"",""/protocolSection/contactsLocationsModule/locations/27/zip"",""/protocolSection/contactsLocationsModule/locations/28/city"",""/protocolSection/contactsLocationsModule/locations/28/country"",""/protocolSection/contactsLocationsModule/locations/28/facility"",""/protocolSection/contactsLocationsModule/locations/28/geoPoint/lat"",""/protocolSection/contactsLocationsModule/locations/28/geoPoint/lon"",""/protocolSection/contactsLocationsModule/locations/28/state"",""/protocolSection/contactsLocationsModule/locations/28/status"",""/protocolSection/contactsLocationsModule/locations/28/zip"",""/protocolSection/contactsLocationsModule/locations/29/city"",""/protocolSection/contactsLocationsModule/locations/29/facility"",""/protocolSection/contactsLocationsModule/locations/29/geoPoint/lat"",""/protocolSection/contactsLocationsModule/locations/29/geoPoint/lon"",""/protocolSection/contactsLocationsModule/locations/29/state"",""/protocolSection/contactsLocationsModule/locations/29/status"",""/protocolSection/contactsLocationsModule/locations/29/zip"",""/protocolSection/contactsLocationsModule/locations/3/city"",""/protocolSection/contactsLocationsModule/locations/3/facility"",""/protocolSection/contactsLocationsModule/locations/3/geoPoint/lat"",""/protocolSection/contactsLocationsModule/locations/3/geoPoint/lon"",""/protocolSection/contactsLocationsModule/locations/3/state"",""/protocolSection/contactsLocationsModule/locations/3/status"",""/protocolSection/contactsLocationsModule/locations/3/zip"",""/protocolSection/contactsLocationsModule/locations/30/city"",""/protocolSection/contactsLocationsModule/locations/30/facility"",""/protocolSection/contactsLocationsModule/locations/30/geoPoint/lat"",""/protocolSection/contactsLocationsModule/locations/30/geoPoint/lon"",""/protocolSection/contactsLocationsModule/locations/30/state"",""/protocolSection/contactsLocationsModule/locations/30/status"",""/protocolSection/contactsLocationsModule/locations/30/zip"",""/protocolSection/contactsLocationsModule/locations/31/city"",""/protocolSection/contactsLocationsModule/locations/31/facility"",""/protocolSection/contactsLocationsModule/locations/31/geoPoint/lat"",""/protocolSection/contactsLocationsModule/locations/31/geoPoint/lon"",""/protocolSection/contactsLocationsModule/locations/31/state"",""/protocolSection/contactsLocationsModule/locations/31/status"",""/protocolSection/contactsLocationsModule/locations/31/zip"",""/protocolSection/contactsLocationsModule/locations/32/city"",""/protocolSection/contactsLocationsModule/locations/32/facility"",""/protocolSection/contactsLocationsModule/locations/32/geoPoint/lat"",""/protocolSection/contactsLocationsModule/locations/32/geoPoint/lon"",""/protocolSection/contactsLocationsModule/locations/32/state"",""/protocolSection/contactsLocationsModule/locations/32/status"",""/protocolSection/contactsLocationsModule/locations/32/zip"",""/protocolSection/contactsLocationsModule/locations/33/city"",""/protocolSection/contactsLocationsModule/locations/33/country"",""/protocolSection/contactsLocationsModule/locations/33/facility"",""/protocolSection/contactsLocationsModule/locations/33/geoPoint/lat"",""/protocolSection/contactsLocationsModule/locations/33/geoPoint/lon"",""/protocolSection/contactsLocationsModule/locations/33/state"",""/protocolSection/contactsLocationsModule/locations/33/status"",""/protocolSection/contactsLocationsModule/locations/33/zip"",""/protocolSection/contactsLocationsModule/locations/34/city"",""/protocolSection/contactsLocationsModule/locations/34/country"",""/protocolSection/contactsLocationsModule/locations/34/facility"",""/protocolSection/contactsLocationsModule/locations/34/geoPoint/lat"",""/protocolSection/contactsLocationsModule/locations/34/geoPoint/lon"",""/protocolSection/contactsLocationsModule/locations/34/state"",""/protocolSection/contactsLocationsModule/locations/34/status"",""/protocolSection/contactsLocationsModule/locations/34/zip"",""/protocolSection/contactsLocationsModule/locations/35/city"",""/protocolSection/contactsLocationsModule/locations/35/country"",""/protocolSection/contactsLocationsModule/locations/35/facility"",""/protocolSection/contactsLocationsModule/locations/35/geoPoint/lat"",""/protocolSection/contactsLocationsModule/locations/35/geoPoint/lon"",""/protocolSection/contactsLocationsModule/locations/35/state"",""/protocolSection/contactsLocationsModule/locations/35/status"",""/protocolSection/contactsLocationsModule/locations/35/zip"",""/protocolSection/contactsLocationsModule/locations/36/city"",""/protocolSection/contactsLocationsModule/locations/36/country"",""/protocolSection/contactsLocationsModule/locations/36/facility"",""/protocolSection/contactsLocationsModule/locations/36/geoPoint/lat"",""/protocolSection/contactsLocationsModule/locations/36/geoPoint/lon"",""/protocolSection/contactsLocationsModule/locations/36/state"",""/protocolSection/contactsLocationsModule/locations/36/status"",""/protocolSection/contactsLocationsModule/locations/36/zip"",""/protocolSection/contactsLocationsModule/locations/37/city"",""/protocolSection/contactsLocationsModule/locations/37/country"",""/protocolSection/contactsLocationsModule/locations/37/facility"",""/protocolSection/contactsLocationsModule/locations/37/geoPoint/lat"",""/protocolSection/contactsLocationsModule/locations/37/geoPoint/lon"",""/protocolSection/contactsLocationsModule/locations/37/state"",""/protocolSection/contactsLocationsModule/locations/37/status"",""/protocolSection/contactsLocationsModule/locations/37/zip"",""/protocolSection/contactsLocationsModule/locations/38/city"",""/protocolSection/contactsLocationsModule/locations/38/country"",""/protocolSection/contactsLocationsModule/locations/38/facility"",""/protocolSection/contactsLocationsModule/locations/38/geoPoint/lat"",""/protocolSection/contactsLocationsModule/locations/38/geoPoint/lon"",""/protocolSection/contactsLocationsModule/locations/38/state"",""/protocolSection/contactsLocationsModule/locations/38/status"",""/protocolSection/contactsLocationsModule/locations/38/zip"",""/protocolSection/contactsLocationsModule/locations/39/city"",""/protocolSection/contactsLocationsModule/locations/39/country"",""/protocolSection/contactsLocationsModule/locations/39/facility"",""/protocolSection/contactsLocationsModule/locations/39/geoPoint/lat"",""/protocolSection/contactsLocationsModule/locations/39/geoPoint/lon"",""/protocolSection/contactsLocationsModule/locations/39/state"",""/protocolSection/contactsLocationsModule/locations/39/status"",""/protocolSection/contactsLocationsModule/locations/39/zip"",""/protocolSection/contactsLocationsModule/locations/4/city"",""/protocolSection/contactsLocationsModule/locations/4/facility"",""/protocolSection/contactsLocationsModule/locations/4/geoPoint/lat"",""/protocolSection/contactsLocationsModule/locations/4/geoPoint/lon"",""/protocolSection/contactsLocationsModule/locations/4/state"",""/protocolSection/contactsLocationsModule/locations/4/status"",""/protocolSection/contactsLocationsModule/locations/4/zip"",""/protocolSection/contactsLocationsModule/locations/40/city"",""/protocolSection/contactsLocationsModule/locations/40/country"",""/protocolSection/contactsLocationsModule/locations/40/facility"",""/protocolSection/contactsLocationsModule/locations/40/geoPoint/lat"",""/protocolSection/contactsLocationsModule/locations/40/geoPoint/lon"",""/protocolSection/contactsLocationsModule/locations/40/state"",""/protocolSection/contactsLocationsModule/locations/40/status"",""/protocolSection/contactsLocationsModule/locations/40/zip"",""/protocolSection/contactsLocationsModule/locations/41/city"",""/protocolSection/contactsLocationsModule/locations/41/country"",""/protocolSection/contactsLocationsModule/locations/41/facility"",""/protocolSection/contactsLocationsModule/locations/41/geoPoint/lat"",""/protocolSection/contactsLocationsModule/locations/41/geoPoint/lon"",""/protocolSection/contactsLocationsModule/locations/41/state"",""/protocolSection/contactsLocationsModule/locations/41/status"",""/protocolSection/contactsLocationsModule/locations/41/zip"",""/protocolSection/contactsLocationsModule/locations/42/city"",""/protocolSection/contactsLocationsModule/locations/42/country"",""/protocolSection/contactsLocationsModule/locations/42/facility"",""/protocolSection/contactsLocationsModule/locations/42/geoPoint/lat"",""/protocolSection/contactsLocationsModule/locations/42/geoPoint/lon"",""/protocolSection/contactsLocationsModule/locations/42/state"",""/protocolSection/contactsLocationsModule/locations/42/status"",""/protocolSection/contactsLocationsModule/locations/42/zip"",""/protocolSection/contactsLocationsModule/locations/43/city"",""/protocolSection/contactsLocationsModule/locations/43/facility"",""/protocolSection/contactsLocationsModule/locations/43/geoPoint/lat"",""/protocolSection/contactsLocationsModule/locations/43/geoPoint/lon"",""/protocolSection/contactsLocationsModule/locations/43/status"",""/protocolSection/contactsLocationsModule/locations/43/zip"",""/protocolSection/contactsLocationsModule/locations/44/city"",""/protocolSection/contactsLocationsModule/locations/44/facility"",""/protocolSection/contactsLocationsModule/locations/44/geoPoint/lat"",""/protocolSection/contactsLocationsModule/locations/44/geoPoint/lon"",""/protocolSection/contactsLocationsModule/locations/44/status"",""/protocolSection/contactsLocationsModule/locations/44/zip"",""/protocolSection/contactsLocationsModule/locations/45/city"",""/protocolSection/contactsLocationsModule/locations/45/facility"",""/protocolSection/contactsLocationsModule/locations/45/geoPoint/lat"",""/protocolSection/contactsLocationsModule/locations/45/geoPoint/lon"",""/protocolSection/contactsLocationsModule/locations/45/status"",""/protocolSection/contactsLocationsModule/locations/45/zip"",""/protocolSection/contactsLocationsModule/locations/46/city"",""/protocolSection/contactsLocationsModule/locations/46/facility"",""/protocolSection/contactsLocationsModule/locations/46/geoPoint/lat"",""/protocolSection/contactsLocationsModule/locations/46/geoPoint/lon"",""/protocolSection/contactsLocationsModule/locations/46/status"",""/protocolSection/contactsLocationsModule/locations/46/zip"",""/protocolSection/contactsLocationsModule/locations/47/city"",""/protocolSection/contactsLocationsModule/locations/47/facility"",""/protocolSection/contactsLocationsModule/locations/47/geoPoint/lat"",""/protocolSection/contactsLocationsModule/locations/47/geoPoint/lon"",""/protocolSection/contactsLocationsModule/locations/47/status"",""/protocolSection/contactsLocationsModule/locations/47/zip"",""/protocolSection/contactsLocationsModule/locations/48/city"",""/protocolSection/contactsLocationsModule/locations/48/facility"",""/protocolSection/contactsLocationsModule/locations/48/geoPoint/lat"",""/protocolSection/contactsLocationsModule/locations/48/geoPoint/lon"",""/protocolSection/contactsLocationsModule/locations/48/status"",""/protocolSection/contactsLocationsModule/locations/48/zip"",""/protocolSection/contactsLocationsModule/locations/49/city"",""/protocolSection/contactsLocationsModule/locations/49/facility"",""/protocolSection/contactsLocationsModule/locations/49/geoPoint/lat"",""/protocolSection/contactsLocationsModule/locations/49/geoPoint/lon"",""/protocolSection/contactsLocationsModule/locations/49/status"",""/protocolSection/contactsLocationsModule/locations/49/zip"",""/protocolSection/contactsLocationsModule/locations/5/city"",""/protocolSection/contactsLocationsModule/locations/5/facility"",""/protocolSection/contactsLocationsModule/locations/5/geoPoint/lat"",""/protocolSection/contactsLocationsModule/locations/5/geoPoint/lon"",""/protocolSection/contactsLocationsModule/locations/5/state"",""/protocolSection/contactsLocationsModule/locations/5/status"",""/protocolSection/contactsLocationsModule/locations/5/zip"",""/protocolSection/contactsLocationsModule/locations/50/city"",""/protocolSection/contactsLocationsModule/locations/50/country"",""/protocolSection/contactsLocationsModule/locations/50/facility"",""/protocolSection/contactsLocationsModule/locations/50/geoPoint/lat"",""/protocolSection/contactsLocationsModule/locations/50/geoPoint/lon"",""/protocolSection/contactsLocationsModule/locations/50/state"",""/protocolSection/contactsLocationsModule/locations/50/status"",""/protocolSection/contactsLocationsModule/locations/50/zip"",""/protocolSection/contactsLocationsModule/locations/51/city"",""/protocolSection/contactsLocationsModule/locations/51/country"",""/protocolSection/contactsLocationsModule/locations/51/facility"",""/protocolSection/contactsLocationsModule/locations/51/geoPoint/lat"",""/protocolSection/contactsLocationsModule/locations/51/geoPoint/lon"",""/protocolSection/contactsLocationsModule/locations/51/state"",""/protocolSection/contactsLocationsModule/locations/51/status"",""/protocolSection/contactsLocationsModule/locations/51/zip"",""/protocolSection/contactsLocationsModule/locations/52/city"",""/protocolSection/contactsLocationsModule/locations/52/country"",""/protocolSection/contactsLocationsModule/locations/52/facility"",""/protocolSection/contactsLocationsModule/locations/52/geoPoint/lat"",""/protocolSection/contactsLocationsModule/locations/52/geoPoint/lon"",""/protocolSection/contactsLocationsModule/locations/52/state"",""/protocolSection/contactsLocationsModule/locations/52/status"",""/protocolSection/contactsLocationsModule/locations/52/zip"",""/protocolSection/contactsLocationsModule/locations/53/city"",""/protocolSection/contactsLocationsModule/locations/53/country"",""/protocolSection/contactsLocationsModule/locations/53/facility"",""/protocolSection/contactsLocationsModule/locations/53/geoPoint/lat"",""/protocolSection/contactsLocationsModule/locations/53/geoPoint/lon"",""/protocolSection/contactsLocationsModule/locations/53/status"",""/protocolSection/contactsLocationsModule/locations/53/zip"",""/protocolSection/contactsLocationsModule/locations/54/city"",""/protocolSection/contactsLocationsModule/locations/54/country"",""/protocolSection/contactsLocationsModule/locations/54/facility"",""/protocolSection/contactsLocationsModule/locations/54/geoPoint"",""/protocolSection/contactsLocationsModule/locations/54/status"",""/protocolSection/contactsLocationsModule/locations/54/zip"",""/protocolSection/contactsLocationsModule/locations/55/city"",""/protocolSection/contactsLocationsModule/locations/55/country"",""/protocolSection/contactsLocationsModule/locations/55/facility"",""/protocolSection/contactsLocationsModule/locations/55/geoPoint/lat"",""/protocolSection/contactsLocationsModule/locations/55/geoPoint/lon"",""/protocolSection/contactsLocationsModule/locations/55/status"",""/protocolSection/contactsLocationsModule/locations/55/zip"",""/protocolSection/contactsLocationsModule/locations/56/city"",""/protocolSection/contactsLocationsModule/locations/56/country"",""/protocolSection/contactsLocationsModule/locations/56/facility"",""/protocolSection/contactsLocationsModule/locations/56/geoPoint/lat"",""/protocolSection/contactsLocationsModule/locations/56/geoPoint/lon"",""/protocolSection/contactsLocationsModule/locations/56/state"",""/protocolSection/contactsLocationsModule/locations/56/status"",""/protocolSection/contactsLocationsModule/locations/56/zip"",""/protocolSection/contactsLocationsModule/locations/57/city"",""/protocolSection/contactsLocationsModule/locations/57/country"",""/protocolSection/contactsLocationsModule/locations/57/facility"",""/protocolSection/contactsLocationsModule/locations/57/geoPoint/lat"",""/protocolSection/contactsLocationsModule/locations/57/geoPoint/lon"",""/protocolSection/contactsLocationsModule/locations/57/state"",""/protocolSection/contactsLocationsModule/locations/57/status"",""/protocolSection/contactsLocationsModule/locations/57/zip"",""/protocolSection/contactsLocationsModule/locations/58/city"",""/protocolSection/contactsLocationsModule/locations/58/country"",""/protocolSection/contactsLocationsModule/locations/58/facility"",""/protocolSection/contactsLocationsModule/locations/58/geoPoint/lat"",""/protocolSection/contactsLocationsModule/locations/58/geoPoint/lon"",""/protocolSection/contactsLocationsModule/locations/58/state"",""/protocolSection/contactsLocationsModule/locations/58/status"",""/protocolSection/contactsLocationsModule/locations/58/zip"",""/protocolSection/contactsLocationsModule/locations/59/city"",""/protocolSection/contactsLocationsModule/locations/59/facility"",""/protocolSection/contactsLocationsModule/locations/59/geoPoint/lat"",""/protocolSection/contactsLocationsModule/locations/59/geoPoint/lon"",""/protocolSection/contactsLocationsModule/locations/59/status"",""/protocolSection/contactsLocationsModule/locations/59/zip"",""/protocolSection/contactsLocationsModule/locations/6/city"",""/protocolSection/contactsLocationsModule/locations/6/facility"",""/protocolSection/contactsLocationsModule/locations/6/geoPoint/lat"",""/protocolSection/contactsLocationsModule/locations/6/geoPoint/lon"",""/protocolSection/contactsLocationsModule/locations/6/state"",""/protocolSection/contactsLocationsModule/locations/6/status"",""/protocolSection/contactsLocationsModule/locations/6/zip"",""/protocolSection/contactsLocationsModule/locations/60/city"",""/protocolSection/contactsLocationsModule/locations/60/facility"",""/protocolSection/contactsLocationsModule/locations/60/geoPoint"",""/protocolSection/contactsLocationsModule/locations/60/status"",""/protocolSection/contactsLocationsModule/locations/60/zip"",""/protocolSection/contactsLocationsModule/locations/61/city"",""/protocolSection/contactsLocationsModule/locations/61/facility"",""/protocolSection/contactsLocationsModule/locations/61/geoPoint/lat"",""/protocolSection/contactsLocationsModule/locations/61/geoPoint/lon"",""/protocolSection/contactsLocationsModule/locations/61/status"",""/protocolSection/contactsLocationsModule/locations/61/zip"",""/protocolSection/contactsLocationsModule/locations/62/city"",""/protocolSection/contactsLocationsModule/locations/62/country"",""/protocolSection/contactsLocationsModule/locations/62/facility"",""/protocolSection/contactsLocationsModule/locations/62/geoPoint/lat"",""/protocolSection/contactsLocationsModule/locations/62/geoPoint/lon"",""/protocolSection/contactsLocationsModule/locations/62/status"",""/protocolSection/contactsLocationsModule/locations/62/zip"",""/protocolSection/contactsLocationsModule/locations/63/city"",""/protocolSection/contactsLocationsModule/locations/63/country"",""/protocolSection/contactsLocationsModule/locations/63/facility"",""/protocolSection/contactsLocationsModule/locations/63/geoPoint/lat"",""/protocolSection/contactsLocationsModule/locations/63/geoPoint/lon"",""/protocolSection/contactsLocationsModule/locations/63/status"",""/protocolSection/contactsLocationsModule/locations/63/zip"",""/protocolSection/contactsLocationsModule/locations/64/city"",""/protocolSection/contactsLocationsModule/locations/64/country"",""/protocolSection/contactsLocationsModule/locations/64/facility"",""/protocolSection/contactsLocationsModule/locations/64/geoPoint/lat"",""/protocolSection/contactsLocationsModule/locations/64/geoPoint/lon"",""/protocolSection/contactsLocationsModule/locations/64/status"",""/protocolSection/contactsLocationsModule/locations/64/zip"",""/protocolSection/contactsLocationsModule/locations/65/city"",""/protocolSection/contactsLocationsModule/locations/65/country"",""/protocolSection/contactsLocationsModule/locations/65/facility"",""/protocolSection/contactsLocationsModule/locations/65/geoPoint/lat"",""/protocolSection/contactsLocationsModule/locations/65/geoPoint/lon"",""/protocolSection/contactsLocationsModule/locations/65/status"",""/protocolSection/contactsLocationsModule/locations/65/zip"",""/protocolSection/contactsLocationsModule/locations/66/city"",""/protocolSection/contactsLocationsModule/locations/66/country"",""/protocolSection/contactsLocationsModule/locations/66/facility"",""/protocolSection/contactsLocationsModule/locations/66/geoPoint/lat"",""/protocolSection/contactsLocationsModule/locations/66/geoPoint/lon"",""/protocolSection/contactsLocationsModule/locations/66/status"",""/protocolSection/contactsLocationsModule/locations/66/zip"",""/protocolSection/contactsLocationsModule/locations/67/city"",""/protocolSection/contactsLocationsModule/locations/67/country"",""/protocolSection/contactsLocationsModule/locations/67/facility"",""/protocolSection/contactsLocationsModule/locations/67/geoPoint/lat"",""/protocolSection/contactsLocationsModule/locations/67/geoPoint/lon"",""/protocolSection/contactsLocationsModule/locations/67/status"",""/protocolSection/contactsLocationsModule/locations/67/zip"",""/protocolSection/contactsLocationsModule/locations/68/city"",""/protocolSection/contactsLocationsModule/locations/68/country"",""/protocolSection/contactsLocationsModule/locations/68/facility"",""/protocolSection/contactsLocationsModule/locations/68/geoPoint/lat"",""/protocolSection/contactsLocationsModule/locations/68/geoPoint/lon"",""/protocolSection/contactsLocationsModule/locations/68/state"",""/protocolSection/contactsLocationsModule/locations/68/status"",""/protocolSection/contactsLocationsModule/locations/68/zip"",""/protocolSection/contactsLocationsModule/locations/69/city"",""/protocolSection/contactsLocationsModule/locations/69/country"",""/protocolSection/contactsLocationsModule/locations/69/facility"",""/protocolSection/contactsLocationsModule/locations/69/geoPoint/lat"",""/protocolSection/contactsLocationsModule/locations/69/geoPoint/lon"",""/protocolSection/contactsLocationsModule/locations/69/status"",""/protocolSection/contactsLocationsModule/locations/69/zip"",""/protocolSection/contactsLocationsModule/locations/7/city"",""/protocolSection/contactsLocationsModule/locations/7/facility"",""/protocolSection/contactsLocationsModule/locations/7/geoPoint/lat"",""/protocolSection/contactsLocationsModule/locations/7/geoPoint/lon"",""/protocolSection/contactsLocationsModule/locations/7/state"",""/protocolSection/contactsLocationsModule/locations/7/status"",""/protocolSection/contactsLocationsModule/locations/7/zip"",""/protocolSection/contactsLocationsModule/locations/70/city"",""/protocolSection/contactsLocationsModule/locations/70/country"",""/protocolSection/contactsLocationsModule/locations/70/facility"",""/protocolSection/contactsLocationsModule/locations/70/geoPoint/lat"",""/protocolSection/contactsLocationsModule/locations/70/geoPoint/lon"",""/protocolSection/contactsLocationsModule/locations/70/status"",""/protocolSection/contactsLocationsModule/locations/70/zip"",""/protocolSection/contactsLocationsModule/locations/71/city"",""/protocolSection/contactsLocationsModule/locations/71/country"",""/protocolSection/contactsLocationsModule/locations/71/facility"",""/protocolSection/contactsLocationsModule/locations/71/geoPoint/lat"",""/protocolSection/contactsLocationsModule/locations/71/geoPoint/lon"",""/protocolSection/contactsLocationsModule/locations/71/status"",""/protocolSection/contactsLocationsModule/locations/71/zip"",""/protocolSection/contactsLocationsModule/locations/72/city"",""/protocolSection/contactsLocationsModule/locations/72/country"",""/protocolSection/contactsLocationsModule/locations/72/facility"",""/protocolSection/contactsLocationsModule/locations/72/geoPoint/lat"",""/protocolSection/contactsLocationsModule/locations/72/geoPoint/lon"",""/protocolSection/contactsLocationsModule/locations/72/status"",""/protocolSection/contactsLocationsModule/locations/72/zip"",""/protocolSection/contactsLocationsModule/locations/73/city"",""/protocolSection/contactsLocationsModule/locations/73/country"",""/protocolSection/contactsLocationsModule/locations/73/facility"",""/protocolSection/contactsLocationsModule/locations/73/geoPoint/lat"",""/protocolSection/contactsLocationsModule/locations/73/geoPoint/lon"",""/protocolSection/contactsLocationsModule/locations/73/status"",""/protocolSection/contactsLocationsModule/locations/73/zip"",""/protocolSection/contactsLocationsModule/locations/74/city"",""/protocolSection/contactsLocationsModule/locations/74/country"",""/protocolSection/contactsLocationsModule/locations/74/facility"",""/protocolSection/contactsLocationsModule/locations/74/geoPoint/lat"",""/protocolSection/contactsLocationsModule/locations/74/geoPoint/lon"",""/protocolSection/contactsLocationsModule/locations/74/status"",""/protocolSection/contactsLocationsModule/locations/74/zip"",""/protocolSection/contactsLocationsModule/locations/75/city"",""/protocolSection/contactsLocationsModule/locations/75/country"",""/protocolSection/contactsLocationsModule/locations/75/facility"",""/protocolSection/contactsLocationsModule/locations/75/geoPoint/lat"",""/protocolSection/contactsLocationsModule/locations/75/geoPoint/lon"",""/protocolSection/contactsLocationsModule/locations/75/status"",""/protocolSection/contactsLocationsModule/locations/75/zip"",""/protocolSection/contactsLocationsModule/locations/76/city"",""/protocolSection/contactsLocationsModule/locations/76/country"",""/protocolSection/contactsLocationsModule/locations/76/facility"",""/protocolSection/contactsLocationsModule/locations/76/geoPoint/lat"",""/protocolSection/contactsLocationsModule/locations/76/geoPoint/lon"",""/protocolSection/contactsLocationsModule/locations/76/state"",""/protocolSection/contactsLocationsModule/locations/76/status"",""/protocolSection/contactsLocationsModule/locations/76/zip"",""/protocolSection/contactsLocationsModule/locations/77/city"",""/protocolSection/contactsLocationsModule/locations/77/country"",""/protocolSection/contactsLocationsModule/locations/77/facility"",""/protocolSection/contactsLocationsModule/locations/77/geoPoint/lat"",""/protocolSection/contactsLocationsModule/locations/77/geoPoint/lon"",""/protocolSection/contactsLocationsModule/locations/77/state"",""/protocolSection/contactsLocationsModule/locations/77/status"",""/protocolSection/contactsLocationsModule/locations/77/zip"",""/protocolSection/contactsLocationsModule/locations/78"",""/protocolSection/contactsLocationsModule/locations/79"",""/protocolSection/contactsLocationsModule/locations/8/city"",""/protocolSection/contactsLocationsModule/locations/8/facility"",""/protocolSection/contactsLocationsModule/locations/8/geoPoint/lat"",""/protocolSection/contactsLocationsModule/locations/8/geoPoint/lon"",""/protocolSection/contactsLocationsModule/locations/8/state"",""/protocolSection/contactsLocationsModule/locations/8/status"",""/protocolSection/contactsLocationsModule/locations/8/zip"",""/protocolSection/contactsLocationsModule/locations/80"",""/protocolSection/contactsLocationsModule/locations/81"",""/protocolSection/contactsLocationsModule/locations/82"",""/protocolSection/contactsLocationsModule/locations/83"",""/protocolSection/contactsLocationsModule/locations/84"",""/protocolSection/contactsLocationsModule/locations/85"",""/protocolSection/contactsLocationsModule/locations/86"",""/protocolSection/contactsLocationsModule/locations/87"",""/protocolSection/contactsLocationsModule/locations/9/city"",""/protocolSection/contactsLocationsModule/locations/9/facility"",""/protocolSection/contactsLocationsModule/locations/9/geoPoint/lat"",""/protocolSection/contactsLocationsModule/locations/9/geoPoint/lon"",""/protocolSection/contactsLocationsModule/locations/9/state"",""/protocolSection/contactsLocationsModule/locations/9/status"",""/protocolSection/contactsLocationsModule/locations/9/zip"",""/protocolSection/statusModule/lastUpdatePostDateStruct/date"",""/protocolSection/statusModule/lastUpdateSubmitDate"",""/protocolSection/statusModule/overallStatus""]|5cbc7b35c4114c53599ae98ae9fbd062bf0a29508c77d75cb19ae4347056beca",low,NCT03197935,27,28,2019-10-29,administrative_contact_change,,501585f4ae04e02bdc410ce06071a9b506d8f31fc4eeb688e1fcac7edc98135e,10
499,low-011,"NCT01441947|6|7|administrative_contact_change|low|[""/protocolSection/contactsLocationsModule/centralContacts"",""/protocolSection/contactsLocationsModule/locations/0/contacts"",""/protocolSection/contactsLocationsModule/locations/0/status"",""/protocolSection/contactsLocationsModule/locations/1/contacts"",""/protocolSection/contactsLocationsModule/locations/1/status"",""/protocolSection/contactsLocationsModule/locations/2/contacts"",""/protocolSection/contactsLocationsModule/locations/2/status"",""/protocolSection/contactsLocationsModule/locations/3/contacts"",""/protocolSection/contactsLocationsModule/locations/3/status"",""/protocolSection/statusModule/lastUpdatePostDateStruct/date"",""/protocolSection/statusModule/lastUpdateSubmitDate"",""/protocolSection/statusModule/overallStatus"",""/protocolSection/statusModule/statusVerifiedDate""]|72a204a3b07006356f3ed0ff20bb82aa80400b8fc3bc2fddb77ba3a59d1a7df8",low,NCT01441947,6,7,2014-01-06,administrative_contact_change,,51cacd1b0a6316adb00ce128a28a1348b671ccaab325b27b2950ba2fd84420a7,11
551,low-012,"NCT03197935|44|45|milestone_realized|low|[""/protocolSection/contactsLocationsModule/locations/40/zip"",""/protocolSection/statusModule/completionDateStruct/type"",""/protocolSection/statusModule/lastUpdatePostDateStruct/date"",""/protocolSection/statusModule/lastUpdateSubmitDate"",""/protocolSection/statusModule/overallStatus"",""/protocolSection/statusModule/statusVerifiedDate""]|d66da6d6c32f44f381db700c8ff40ecc80c10e570bf991e027c0cfa4a45c0777",low,NCT03197935,44,45,2022-11-15,milestone_realized,,63098bca38088bc60e05b870214b160e9a02931f83853ccb976c73df05ef6f83,12
543,low-013,"NCT03197935|26|27|administrative_contact_change|low|[""/protocolSection/contactsLocationsModule/centralContacts"",""/protocolSection/contactsLocationsModule/locations/0/status"",""/protocolSection/contactsLocationsModule/locations/1/status"",""/protocolSection/contactsLocationsModule/locations/10/city"",""/protocolSection/contactsLocationsModule/locations/10/facility"",""/protocolSection/contactsLocationsModule/locations/10/geoPoint/lat"",""/protocolSection/contactsLocationsModule/locations/10/geoPoint/lon"",""/protocolSection/contactsLocationsModule/locations/10/state"",""/protocolSection/contactsLocationsModule/locations/10/status"",""/protocolSection/contactsLocationsModule/locations/10/zip"",""/protocolSection/contactsLocationsModule/locations/11/city"",""/protocolSection/contactsLocationsModule/locations/11/facility"",""/protocolSection/contactsLocationsModule/locations/11/geoPoint/lat"",""/protocolSection/contactsLocationsModule/locations/11/geoPoint/lon"",""/protocolSection/contactsLocationsModule/locations/11/state"",""/protocolSection/contactsLocationsModule/locations/11/status"",""/protocolSection/contactsLocationsModule/locations/11/zip"",""/protocolSection/contactsLocationsModule/locations/12/city"",""/protocolSection/contactsLocationsModule/locations/12/facility"",""/protocolSection/contactsLocationsModule/locations/12/geoPoint/lat"",""/protocolSection/contactsLocationsModule/locations/12/geoPoint/lon"",""/protocolSection/contactsLocationsModule/locations/12/state"",""/protocolSection/contactsLocationsModule/locations/12/status"",""/protocolSection/contactsLocationsModule/locations/12/zip"",""/protocolSection/contactsLocationsModule/locations/13/city"",""/protocolSection/contactsLocationsModule/locations/13/facility"",""/protocolSection/contactsLocationsModule/locations/13/geoPoint/lat"",""/protocolSection/contactsLocationsModule/locations/13/geoPoint/lon"",""/protocolSection/contactsLocationsModule/locations/13/state"",""/protocolSection/contactsLocationsModule/locations/13/status"",""/protocolSection/contactsLocationsModule/locations/13/zip"",""/protocolSection/contactsLocationsModule/locations/14/city"",""/protocolSection/contactsLocationsModule/locations/14/facility"",""/protocolSection/contactsLocationsModule/locations/14/geoPoint/lat"",""/protocolSection/contactsLocationsModule/locations/14/geoPoint/lon"",""/protocolSection/contactsLocationsModule/locations/14/state"",""/protocolSection/contactsLocationsModule/locations/14/status"",""/protocolSection/contactsLocationsModule/locations/14/zip"",""/protocolSection/contactsLocationsModule/locations/15/city"",""/protocolSection/contactsLocationsModule/locations/15/facility"",""/protocolSection/contactsLocationsModule/locations/15/geoPoint/lat"",""/protocolSection/contactsLocationsModule/locations/15/geoPoint/lon"",""/protocolSection/contactsLocationsModule/locations/15/state"",""/protocolSection/contactsLocationsModule/locations/15/status"",""/protocolSection/contactsLocationsModule/locations/15/zip"",""/protocolSection/contactsLocationsModule/locations/16/city"",""/protocolSection/contactsLocationsModule/locations/16/facility"",""/protocolSection/contactsLocationsModule/locations/16/geoPoint/lat"",""/protocolSection/contactsLocationsModule/locations/16/geoPoint/lon"",""/protocolSection/contactsLocationsModule/locations/16/state"",""/protocolSection/contactsLocationsModule/locations/16/status"",""/protocolSection/contactsLocationsModule/locations/16/zip"",""/protocolSection/contactsLocationsModule/locations/17/city"",""/protocolSection/contactsLocationsModule/locations/17/country"",""/protocolSection/contactsLocationsModule/locations/17/facility"",""/protocolSection/contactsLocationsModule/locations/17/geoPoint/lat"",""/protocolSection/contactsLocationsModule/locations/17/geoPoint/lon"",""/protocolSection/contactsLocationsModule/locations/17/state"",""/protocolSection/contactsLocationsModule/locations/17/status"",""/protocolSection/contactsLocationsModule/locations/17/zip"",""/protocolSection/contactsLocationsModule/locations/18/city"",""/protocolSection/contactsLocationsModule/locations/18/country"",""/protocolSection/contactsLocationsModule/locations/18/facility"",""/protocolSection/contactsLocationsModule/locations/18/geoPoint/lat"",""/protocolSection/contactsLocationsModule/locations/18/geoPoint/lon"",""/protocolSection/contactsLocationsModule/locations/18/state"",""/protocolSection/contactsLocationsModule/locations/18/status"",""/protocolSection/contactsLocationsModule/locations/18/zip"",""/protocolSection/contactsLocationsModule/locations/19/city"",""/protocolSection/contactsLocationsModule/locations/19/country"",""/protocolSection/contactsLocationsModule/locations/19/facility"",""/protocolSection/contactsLocationsModule/locations/19/geoPoint/lat"",""/protocolSection/contactsLocationsModule/locations/19/geoPoint/lon"",""/protocolSection/contactsLocationsModule/locations/19/state"",""/protocolSection/contactsLocationsModule/locations/19/status"",""/protocolSection/contactsLocationsModule/locations/19/zip"",""/protocolSection/contactsLocationsModule/locations/2/city"",""/protocolSection/contactsLocationsModule/locations/2/facility"",""/protocolSection/contactsLocationsModule/locations/2/geoPoint/lat"",""/protocolSection/contactsLocationsModule/locations/2/geoPoint/lon"",""/protocolSection/contactsLocationsModule/locations/2/state"",""/protocolSection/contactsLocationsModule/locations/2/status"",""/protocolSection/contactsLocationsModule/locations/2/zip"",""/protocolSection/contactsLocationsModule/locations/20/city"",""/protocolSection/contactsLocationsModule/locations/20/country"",""/protocolSection/contactsLocationsModule/locations/20/facility"",""/protocolSection/contactsLocationsModule/locations/20/geoPoint/lat"",""/protocolSection/contactsLocationsModule/locations/20/geoPoint/lon"",""/protocolSection/contactsLocationsModule/locations/20/state"",""/protocolSection/contactsLocationsModule/locations/20/status"",""/protocolSection/contactsLocationsModule/locations/20/zip"",""/protocolSection/contactsLocationsModule/locations/21/city"",""/protocolSection/contactsLocationsModule/locations/21/country"",""/protocolSection/contactsLocationsModule/locations/21/facility"",""/protocolSection/contactsLocationsModule/locations/21/geoPoint/lat"",""/protocolSection/contactsLocationsModule/locations/21/geoPoint/lon"",""/protocolSection/contactsLocationsModule/locations/21/state"",""/protocolSection/contactsLocationsModule/locations/21/status"",""/protocolSection/contactsLocationsModule/locations/21/zip"",""/protocolSection/contactsLocationsModule/locations/22/city"",""/protocolSection/contactsLocationsModule/locations/22/country"",""/protocolSection/contactsLocationsModule/locations/22/facility"",""/protocolSection/contactsLocationsModule/locations/22/geoPoint/lat"",""/protocolSection/contactsLocationsModule/locations/22/geoPoint/lon"",""/protocolSection/contactsLocationsModule/locations/22/state"",""/protocolSection/contactsLocationsModule/locations/22/status"",""/protocolSection/contactsLocationsModule/locations/22/zip"",""/protocolSection/contactsLocationsModule/locations/23/city"",""/protocolSection/contactsLocationsModule/locations/23/country"",""/protocolSection/contactsLocationsModule/locations/23/facility"",""/protocolSection/contactsLocationsModule/locations/23/geoPoint/lat"",""/protocolSection/contactsLocationsModule/locations/23/geoPoint/lon"",""/protocolSection/contactsLocationsModule/locations/23/state"",""/protocolSection/contactsLocationsModule/locations/23/status"",""/protocolSection/contactsLocationsModule/locations/23/zip"",""/protocolSection/contactsLocationsModule/locations/24/city"",""/protocolSection/contactsLocationsModule/locations/24/country"",""/protocolSection/contactsLocationsModule/locations/24/facility"",""/protocolSection/contactsLocationsModule/locations/24/geoPoint/lat"",""/protocolSection/contactsLocationsModule/locations/24/geoPoint/lon"",""/protocolSection/contactsLocationsModule/locations/24/state"",""/protocolSection/contactsLocationsModule/locations/24/status"",""/protocolSection/contactsLocationsModule/locations/24/zip"",""/protocolSection/contactsLocationsModule/locations/25/city"",""/protocolSection/contactsLocationsModule/locations/25/country"",""/protocolSection/contactsLocationsModule/locations/25/facility"",""/protocolSection/contactsLocationsModule/locations/25/geoPoint/lat"",""/protocolSection/contactsLocationsModule/locations/25/geoPoint/lon"",""/protocolSection/contactsLocationsModule/locations/25/state"",""/protocolSection/contactsLocationsModule/locations/25/status"",""/protocolSection/contactsLocationsModule/locations/25/zip"",""/protocolSection/contactsLocationsModule/locations/26/city"",""/protocolSection/contactsLocationsModule/locations/26/country"",""/protocolSection/contactsLocationsModule/locations/26/facility"",""/protocolSection/contactsLocationsModule/locations/26/geoPoint/lat"",""/protocolSection/contactsLocationsModule/locations/26/geoPoint/lon"",""/protocolSection/contactsLocationsModule/locations/26/state"",""/protocolSection/contactsLocationsModule/locations/26/status"",""/protocolSection/contactsLocationsModule/locations/26/zip"",""/protocolSection/contactsLocationsModule/locations/27/city"",""/protocolSection/contactsLocationsModule/locations/27/country"",""/protocolSection/contactsLocationsModule/locations/27/facility"",""/protocolSection/contactsLocationsModule/locations/27/geoPoint/lat"",""/protocolSection/contactsLocationsModule/locations/27/geoPoint/lon"",""/protocolSection/contactsLocationsModule/locations/27/state"",""/protocolSection/contactsLocationsModule/locations/27/status"",""/protocolSection/contactsLocationsModule/locations/27/zip"",""/protocolSection/contactsLocationsModule/locations/28/city"",""/protocolSection/contactsLocationsModule/locations/28/country"",""/protocolSection/contactsLocationsModule/locations/28/facility"",""/protocolSection/contactsLocationsModule/locations/28/geoPoint/lat"",""/protocolSection/contactsLocationsModule/locations/28/geoPoint/lon"",""/protocolSection/contactsLocationsModule/locations/28/state"",""/protocolSection/contactsLocationsModule/locations/28/status"",""/protocolSection/contactsLocationsModule/locations/28/zip"",""/protocolSection/contactsLocationsModule/locations/29/city"",""/protocolSection/contactsLocationsModule/locations/29/facility"",""/protocolSection/contactsLocationsModule/locations/29/geoPoint/lat"",""/protocolSection/contactsLocationsModule/locations/29/geoPoint/lon"",""/protocolSection/contactsLocationsModule/locations/29/state"",""/protocolSection/contactsLocationsModule/locations/29/status"",""/protocolSection/contactsLocationsModule/locations/29/zip"",""/protocolSection/contactsLocationsModule/locations/3/city"",""/protocolSection/contactsLocationsModule/locations/3/facility"",""/protocolSection/contactsLocationsModule/locations/3/geoPoint/lat"",""/protocolSection/contactsLocationsModule/locations/3/geoPoint/lon"",""/protocolSection/contactsLocationsModule/locations/3/state"",""/protocolSection/contactsLocationsModule/locations/3/status"",""/protocolSection/contactsLocationsModule/locations/3/zip"",""/protocolSection/contactsLocationsModule/locations/30/city"",""/protocolSection/contactsLocationsModule/locations/30/facility"",""/protocolSection/contactsLocationsModule/locations/30/geoPoint/lat"",""/protocolSection/contactsLocationsModule/locations/30/geoPoint/lon"",""/protocolSection/contactsLocationsModule/locations/30/state"",""/protocolSection/contactsLocationsModule/locations/30/status"",""/protocolSection/contactsLocationsModule/locations/30/zip"",""/protocolSection/contactsLocationsModule/locations/31/city"",""/protocolSection/contactsLocationsModule/locations/31/facility"",""/protocolSection/contactsLocationsModule/locations/31/geoPoint/lat"",""/protocolSection/contactsLocationsModule/locations/31/geoPoint/lon"",""/protocolSection/contactsLocationsModule/locations/31/state"",""/protocolSection/contactsLocationsModule/locations/31/status"",""/protocolSection/contactsLocationsModule/locations/31/zip"",""/protocolSection/contactsLocationsModule/locations/32/city"",""/protocolSection/contactsLocationsModule/locations/32/facility"",""/protocolSection/contactsLocationsModule/locations/32/geoPoint/lat"",""/protocolSection/contactsLocationsModule/locations/32/geoPoint/lon"",""/protocolSection/contactsLocationsModule/locations/32/state"",""/protocolSection/contactsLocationsModule/locations/32/status"",""/protocolSection/contactsLocationsModule/locations/32/zip"",""/protocolSection/contactsLocationsModule/locations/33/city"",""/protocolSection/contactsLocationsModule/locations/33/country"",""/protocolSection/contactsLocationsModule/locations/33/facility"",""/protocolSection/contactsLocationsModule/locations/33/geoPoint/lat"",""/protocolSection/contactsLocationsModule/locations/33/geoPoint/lon"",""/protocolSection/contactsLocationsModule/locations/33/state"",""/protocolSection/contactsLocationsModule/locations/33/status"",""/protocolSection/contactsLocationsModule/locations/33/zip"",""/protocolSection/contactsLocationsModule/locations/34/city"",""/protocolSection/contactsLocationsModule/locations/34/country"",""/protocolSection/contactsLocationsModule/locations/34/facility"",""/protocolSection/contactsLocationsModule/locations/34/geoPoint/lat"",""/protocolSection/contactsLocationsModule/locations/34/geoPoint/lon"",""/protocolSection/contactsLocationsModule/locations/34/state"",""/protocolSection/contactsLocationsModule/locations/34/status"",""/protocolSection/contactsLocationsModule/locations/34/zip"",""/protocolSection/contactsLocationsModule/locations/35/city"",""/protocolSection/contactsLocationsModule/locations/35/country"",""/protocolSection/contactsLocationsModule/locations/35/facility"",""/protocolSection/contactsLocationsModule/locations/35/geoPoint/lat"",""/protocolSection/contactsLocationsModule/locations/35/geoPoint/lon"",""/protocolSection/contactsLocationsModule/locations/35/state"",""/protocolSection/contactsLocationsModule/locations/35/status"",""/protocolSection/contactsLocationsModule/locations/35/zip"",""/protocolSection/contactsLocationsModule/locations/36/city"",""/protocolSection/contactsLocationsModule/locations/36/country"",""/protocolSection/contactsLocationsModule/locations/36/facility"",""/protocolSection/contactsLocationsModule/locations/36/geoPoint/lat"",""/protocolSection/contactsLocationsModule/locations/36/geoPoint/lon"",""/protocolSection/contactsLocationsModule/locations/36/state"",""/protocolSection/contactsLocationsModule/locations/36/status"",""/protocolSection/contactsLocationsModule/locations/36/zip"",""/protocolSection/contactsLocationsModule/locations/37/city"",""/protocolSection/contactsLocationsModule/locations/37/country"",""/protocolSection/contactsLocationsModule/locations/37/facility"",""/protocolSection/contactsLocationsModule/locations/37/geoPoint/lat"",""/protocolSection/contactsLocationsModule/locations/37/geoPoint/lon"",""/protocolSection/contactsLocationsModule/locations/37/state"",""/protocolSection/contactsLocationsModule/locations/37/status"",""/protocolSection/contactsLocationsModule/locations/37/zip"",""/protocolSection/contactsLocationsModule/locations/38/city"",""/protocolSection/contactsLocationsModule/locations/38/country"",""/protocolSection/contactsLocationsModule/locations/38/facility"",""/protocolSection/contactsLocationsModule/locations/38/geoPoint/lat"",""/protocolSection/contactsLocationsModule/locations/38/geoPoint/lon"",""/protocolSection/contactsLocationsModule/locations/38/state"",""/protocolSection/contactsLocationsModule/locations/38/status"",""/protocolSection/contactsLocationsModule/locations/38/zip"",""/protocolSection/contactsLocationsModule/locations/39/city"",""/protocolSection/contactsLocationsModule/locations/39/country"",""/protocolSection/contactsLocationsModule/locations/39/facility"",""/protocolSection/contactsLocationsModule/locations/39/geoPoint/lat"",""/protocolSection/contactsLocationsModule/locations/39/geoPoint/lon"",""/protocolSection/contactsLocationsModule/locations/39/state"",""/protocolSection/contactsLocationsModule/locations/39/status"",""/protocolSection/contactsLocationsModule/locations/39/zip"",""/protocolSection/contactsLocationsModule/locations/4/city"",""/protocolSection/contactsLocationsModule/locations/4/facility"",""/protocolSection/contactsLocationsModule/locations/4/geoPoint/lat"",""/protocolSection/contactsLocationsModule/locations/4/geoPoint/lon"",""/protocolSection/contactsLocationsModule/locations/4/state"",""/protocolSection/contactsLocationsModule/locations/4/status"",""/protocolSection/contactsLocationsModule/locations/4/zip"",""/protocolSection/contactsLocationsModule/locations/40/city"",""/protocolSection/contactsLocationsModule/locations/40/country"",""/protocolSection/contactsLocationsModule/locations/40/facility"",""/protocolSection/contactsLocationsModule/locations/40/geoPoint/lat"",""/protocolSection/contactsLocationsModule/locations/40/geoPoint/lon"",""/protocolSection/contactsLocationsModule/locations/40/state"",""/protocolSection/contactsLocationsModule/locations/40/status"",""/protocolSection/contactsLocationsModule/locations/40/zip"",""/protocolSection/contactsLocationsModule/locations/41/city"",""/protocolSection/contactsLocationsModule/locations/41/country"",""/protocolSection/contactsLocationsModule/locations/41/facility"",""/protocolSection/contactsLocationsModule/locations/41/geoPoint/lat"",""/protocolSection/contactsLocationsModule/locations/41/geoPoint/lon"",""/protocolSection/contactsLocationsModule/locations/41/state"",""/protocolSection/contactsLocationsModule/locations/41/status"",""/protocolSection/contactsLocationsModule/locations/41/zip"",""/protocolSection/contactsLocationsModule/locations/42/city"",""/protocolSection/contactsLocationsModule/locations/42/country"",""/protocolSection/contactsLocationsModule/locations/42/facility"",""/protocolSection/contactsLocationsModule/locations/42/geoPoint/lat"",""/protocolSection/contactsLocationsModule/locations/42/geoPoint/lon"",""/protocolSection/contactsLocationsModule/locations/42/state"",""/protocolSection/contactsLocationsModule/locations/42/status"",""/protocolSection/contactsLocationsModule/locations/42/zip"",""/protocolSection/contactsLocationsModule/locations/43/city"",""/protocolSection/contactsLocationsModule/locations/43/facility"",""/protocolSection/contactsLocationsModule/locations/43/geoPoint/lat"",""/protocolSection/contactsLocationsModule/locations/43/geoPoint/lon"",""/protocolSection/contactsLocationsModule/locations/43/status"",""/protocolSection/contactsLocationsModule/locations/43/zip"",""/protocolSection/contactsLocationsModule/locations/44/city"",""/protocolSection/contactsLocationsModule/locations/44/facility"",""/protocolSection/contactsLocationsModule/locations/44/geoPoint/lat"",""/protocolSection/contactsLocationsModule/locations/44/geoPoint/lon"",""/protocolSection/contactsLocationsModule/locations/44/status"",""/protocolSection/contactsLocationsModule/locations/44/zip"",""/protocolSection/contactsLocationsModule/locations/45/city"",""/protocolSection/contactsLocationsModule/locations/45/facility"",""/protocolSection/contactsLocationsModule/locations/45/geoPoint/lat"",""/protocolSection/contactsLocationsModule/locations/45/geoPoint/lon"",""/protocolSection/contactsLocationsModule/locations/45/status"",""/protocolSection/contactsLocationsModule/locations/45/zip"",""/protocolSection/contactsLocationsModule/locations/46/city"",""/protocolSection/contactsLocationsModule/locations/46/facility"",""/protocolSection/contactsLocationsModule/locations/46/geoPoint/lat"",""/protocolSection/contactsLocationsModule/locations/46/geoPoint/lon"",""/protocolSection/contactsLocationsModule/locations/46/status"",""/protocolSection/contactsLocationsModule/locations/46/zip"",""/protocolSection/contactsLocationsModule/locations/47/city"",""/protocolSection/contactsLocationsModule/locations/47/facility"",""/protocolSection/contactsLocationsModule/locations/47/geoPoint/lat"",""/protocolSection/contactsLocationsModule/locations/47/geoPoint/lon"",""/protocolSection/contactsLocationsModule/locations/47/status"",""/protocolSection/contactsLocationsModule/locations/47/zip"",""/protocolSection/contactsLocationsModule/locations/48/city"",""/protocolSection/contactsLocationsModule/locations/48/facility"",""/protocolSection/contactsLocationsModule/locations/48/geoPoint/lat"",""/protocolSection/contactsLocationsModule/locations/48/geoPoint/lon"",""/protocolSection/contactsLocationsModule/locations/48/status"",""/protocolSection/contactsLocationsModule/locations/48/zip"",""/protocolSection/contactsLocationsModule/locations/49/city"",""/protocolSection/contactsLocationsModule/locations/49/facility"",""/protocolSection/contactsLocationsModule/locations/49/geoPoint/lat"",""/protocolSection/contactsLocationsModule/locations/49/geoPoint/lon"",""/protocolSection/contactsLocationsModule/locations/49/status"",""/protocolSection/contactsLocationsModule/locations/49/zip"",""/protocolSection/contactsLocationsModule/locations/5/city"",""/protocolSection/contactsLocationsModule/locations/5/facility"",""/protocolSection/contactsLocationsModule/locations/5/geoPoint/lat"",""/protocolSection/contactsLocationsModule/locations/5/geoPoint/lon"",""/protocolSection/contactsLocationsModule/locations/5/state"",""/protocolSection/contactsLocationsModule/locations/5/status"",""/protocolSection/contactsLocationsModule/locations/5/zip"",""/protocolSection/contactsLocationsModule/locations/50/city"",""/protocolSection/contactsLocationsModule/locations/50/country"",""/protocolSection/contactsLocationsModule/locations/50/facility"",""/protocolSection/contactsLocationsModule/locations/50/geoPoint/lat"",""/protocolSection/contactsLocationsModule/locations/50/geoPoint/lon"",""/protocolSection/contactsLocationsModule/locations/50/state"",""/protocolSection/contactsLocationsModule/locations/50/status"",""/protocolSection/contactsLocationsModule/locations/50/zip"",""/protocolSection/contactsLocationsModule/locations/51/city"",""/protocolSection/contactsLocationsModule/locations/51/country"",""/protocolSection/contactsLocationsModule/locations/51/facility"",""/protocolSection/contactsLocationsModule/locations/51/geoPoint/lat"",""/protocolSection/contactsLocationsModule/locations/51/geoPoint/lon"",""/protocolSection/contactsLocationsModule/locations/51/state"",""/protocolSection/contactsLocationsModule/locations/51/status"",""/protocolSection/contactsLocationsModule/locations/51/zip"",""/protocolSection/contactsLocationsModule/locations/52/city"",""/protocolSection/contactsLocationsModule/locations/52/country"",""/protocolSection/contactsLocationsModule/locations/52/facility"",""/protocolSection/contactsLocationsModule/locations/52/geoPoint/lat"",""/protocolSection/contactsLocationsModule/locations/52/geoPoint/lon"",""/protocolSection/contactsLocationsModule/locations/52/state"",""/protocolSection/contactsLocationsModule/locations/52/status"",""/protocolSection/contactsLocationsModule/locations/52/zip"",""/protocolSection/contactsLocationsModule/locations/53/city"",""/protocolSection/contactsLocationsModule/locations/53/country"",""/protocolSection/contactsLocationsModule/locations/53/facility"",""/protocolSection/contactsLocationsModule/locations/53/geoPoint/lat"",""/protocolSection/contactsLocationsModule/locations/53/geoPoint/lon"",""/protocolSection/contactsLocationsModule/locations/53/status"",""/protocolSection/contactsLocationsModule/locations/53/zip"",""/protocolSection/contactsLocationsModule/locations/54/city"",""/protocolSection/contactsLocationsModule/locations/54/country"",""/protocolSection/contactsLocationsModule/locations/54/facility"",""/protocolSection/contactsLocationsModule/locations/54/geoPoint"",""/protocolSection/contactsLocationsModule/locations/54/status"",""/protocolSection/contactsLocationsModule/locations/54/zip"",""/protocolSection/contactsLocationsModule/locations/55/city"",""/protocolSection/contactsLocationsModule/locations/55/country"",""/protocolSection/contactsLocationsModule/locations/55/facility"",""/protocolSection/contactsLocationsModule/locations/55/geoPoint/lat"",""/protocolSection/contactsLocationsModule/locations/55/geoPoint/lon"",""/protocolSection/contactsLocationsModule/locations/55/status"",""/protocolSection/contactsLocationsModule/locations/55/zip"",""/protocolSection/contactsLocationsModule/locations/56/city"",""/protocolSection/contactsLocationsModule/locations/56/country"",""/protocolSection/contactsLocationsModule/locations/56/facility"",""/protocolSection/contactsLocationsModule/locations/56/geoPoint/lat"",""/protocolSection/contactsLocationsModule/locations/56/geoPoint/lon"",""/protocolSection/contactsLocationsModule/locations/56/state"",""/protocolSection/contactsLocationsModule/locations/56/status"",""/protocolSection/contactsLocationsModule/locations/56/zip"",""/protocolSection/contactsLocationsModule/locations/57/city"",""/protocolSection/contactsLocationsModule/locations/57/country"",""/protocolSection/contactsLocationsModule/locations/57/facility"",""/protocolSection/contactsLocationsModule/locations/57/geoPoint/lat"",""/protocolSection/contactsLocationsModule/locations/57/geoPoint/lon"",""/protocolSection/contactsLocationsModule/locations/57/state"",""/protocolSection/contactsLocationsModule/locations/57/status"",""/protocolSection/contactsLocationsModule/locations/57/zip"",""/protocolSection/contactsLocationsModule/locations/58/city"",""/protocolSection/contactsLocationsModule/locations/58/country"",""/protocolSection/contactsLocationsModule/locations/58/facility"",""/protocolSection/contactsLocationsModule/locations/58/geoPoint/lat"",""/protocolSection/contactsLocationsModule/locations/58/geoPoint/lon"",""/protocolSection/contactsLocationsModule/locations/58/state"",""/protocolSection/contactsLocationsModule/locations/58/status"",""/protocolSection/contactsLocationsModule/locations/58/zip"",""/protocolSection/contactsLocationsModule/locations/59/city"",""/protocolSection/contactsLocationsModule/locations/59/facility"",""/protocolSection/contactsLocationsModule/locations/59/geoPoint/lat"",""/protocolSection/contactsLocationsModule/locations/59/geoPoint/lon"",""/protocolSection/contactsLocationsModule/locations/59/status"",""/protocolSection/contactsLocationsModule/locations/59/zip"",""/protocolSection/contactsLocationsModule/locations/6/city"",""/protocolSection/contactsLocationsModule/locations/6/facility"",""/protocolSection/contactsLocationsModule/locations/6/geoPoint/lat"",""/protocolSection/contactsLocationsModule/locations/6/geoPoint/lon"",""/protocolSection/contactsLocationsModule/locations/6/state"",""/protocolSection/contactsLocationsModule/locations/6/status"",""/protocolSection/contactsLocationsModule/locations/6/zip"",""/protocolSection/contactsLocationsModule/locations/60/city"",""/protocolSection/contactsLocationsModule/locations/60/facility"",""/protocolSection/contactsLocationsModule/locations/60/geoPoint"",""/protocolSection/contactsLocationsModule/locations/60/status"",""/protocolSection/contactsLocationsModule/locations/60/zip"",""/protocolSection/contactsLocationsModule/locations/61/city"",""/protocolSection/contactsLocationsModule/locations/61/facility"",""/protocolSection/contactsLocationsModule/locations/61/geoPoint/lat"",""/protocolSection/contactsLocationsModule/locations/61/geoPoint/lon"",""/protocolSection/contactsLocationsModule/locations/61/status"",""/protocolSection/contactsLocationsModule/locations/61/zip"",""/protocolSection/contactsLocationsModule/locations/62/city"",""/protocolSection/contactsLocationsModule/locations/62/country"",""/protocolSection/contactsLocationsModule/locations/62/facility"",""/protocolSection/contactsLocationsModule/locations/62/geoPoint/lat"",""/protocolSection/contactsLocationsModule/locations/62/geoPoint/lon"",""/protocolSection/contactsLocationsModule/locations/62/status"",""/protocolSection/contactsLocationsModule/locations/62/zip"",""/protocolSection/contactsLocationsModule/locations/63/city"",""/protocolSection/contactsLocationsModule/locations/63/country"",""/protocolSection/contactsLocationsModule/locations/63/facility"",""/protocolSection/contactsLocationsModule/locations/63/geoPoint/lat"",""/protocolSection/contactsLocationsModule/locations/63/geoPoint/lon"",""/protocolSection/contactsLocationsModule/locations/63/status"",""/protocolSection/contactsLocationsModule/locations/63/zip"",""/protocolSection/contactsLocationsModule/locations/64/city"",""/protocolSection/contactsLocationsModule/locations/64/country"",""/protocolSection/contactsLocationsModule/locations/64/facility"",""/protocolSection/contactsLocationsModule/locations/64/geoPoint/lat"",""/protocolSection/contactsLocationsModule/locations/64/geoPoint/lon"",""/protocolSection/contactsLocationsModule/locations/64/status"",""/protocolSection/contactsLocationsModule/locations/64/zip"",""/protocolSection/contactsLocationsModule/locations/65/city"",""/protocolSection/contactsLocationsModule/locations/65/country"",""/protocolSection/contactsLocationsModule/locations/65/facility"",""/protocolSection/contactsLocationsModule/locations/65/geoPoint/lat"",""/protocolSection/contactsLocationsModule/locations/65/geoPoint/lon"",""/protocolSection/contactsLocationsModule/locations/65/status"",""/protocolSection/contactsLocationsModule/locations/65/zip"",""/protocolSection/contactsLocationsModule/locations/66/city"",""/protocolSection/contactsLocationsModule/locations/66/country"",""/protocolSection/contactsLocationsModule/locations/66/facility"",""/protocolSection/contactsLocationsModule/locations/66/geoPoint/lat"",""/protocolSection/contactsLocationsModule/locations/66/geoPoint/lon"",""/protocolSection/contactsLocationsModule/locations/66/status"",""/protocolSection/contactsLocationsModule/locations/66/zip"",""/protocolSection/contactsLocationsModule/locations/67/city"",""/protocolSection/contactsLocationsModule/locations/67/country"",""/protocolSection/contactsLocationsModule/locations/67/facility"",""/protocolSection/contactsLocationsModule/locations/67/geoPoint/lat"",""/protocolSection/contactsLocationsModule/locations/67/geoPoint/lon"",""/protocolSection/contactsLocationsModule/locations/67/status"",""/protocolSection/contactsLocationsModule/locations/67/zip"",""/protocolSection/contactsLocationsModule/locations/68/city"",""/protocolSection/contactsLocationsModule/locations/68/country"",""/protocolSection/contactsLocationsModule/locations/68/facility"",""/protocolSection/contactsLocationsModule/locations/68/geoPoint/lat"",""/protocolSection/contactsLocationsModule/locations/68/geoPoint/lon"",""/protocolSection/contactsLocationsModule/locations/68/state"",""/protocolSection/contactsLocationsModule/locations/68/status"",""/protocolSection/contactsLocationsModule/locations/68/zip"",""/protocolSection/contactsLocationsModule/locations/69/city"",""/protocolSection/contactsLocationsModule/locations/69/country"",""/protocolSection/contactsLocationsModule/locations/69/facility"",""/protocolSection/contactsLocationsModule/locations/69/geoPoint/lat"",""/protocolSection/contactsLocationsModule/locations/69/geoPoint/lon"",""/protocolSection/contactsLocationsModule/locations/69/status"",""/protocolSection/contactsLocationsModule/locations/69/zip"",""/protocolSection/contactsLocationsModule/locations/7/city"",""/protocolSection/contactsLocationsModule/locations/7/facility"",""/protocolSection/contactsLocationsModule/locations/7/geoPoint/lat"",""/protocolSection/contactsLocationsModule/locations/7/geoPoint/lon"",""/protocolSection/contactsLocationsModule/locations/7/state"",""/protocolSection/contactsLocationsModule/locations/7/status"",""/protocolSection/contactsLocationsModule/locations/7/zip"",""/protocolSection/contactsLocationsModule/locations/70/city"",""/protocolSection/contactsLocationsModule/locations/70/country"",""/protocolSection/contactsLocationsModule/locations/70/facility"",""/protocolSection/contactsLocationsModule/locations/70/geoPoint/lat"",""/protocolSection/contactsLocationsModule/locations/70/geoPoint/lon"",""/protocolSection/contactsLocationsModule/locations/70/status"",""/protocolSection/contactsLocationsModule/locations/70/zip"",""/protocolSection/contactsLocationsModule/locations/71/city"",""/protocolSection/contactsLocationsModule/locations/71/country"",""/protocolSection/contactsLocationsModule/locations/71/facility"",""/protocolSection/contactsLocationsModule/locations/71/geoPoint/lat"",""/protocolSection/contactsLocationsModule/locations/71/geoPoint/lon"",""/protocolSection/contactsLocationsModule/locations/71/status"",""/protocolSection/contactsLocationsModule/locations/71/zip"",""/protocolSection/contactsLocationsModule/locations/72/city"",""/protocolSection/contactsLocationsModule/locations/72/country"",""/protocolSection/contactsLocationsModule/locations/72/facility"",""/protocolSection/contactsLocationsModule/locations/72/geoPoint/lat"",""/protocolSection/contactsLocationsModule/locations/72/geoPoint/lon"",""/protocolSection/contactsLocationsModule/locations/72/status"",""/protocolSection/contactsLocationsModule/locations/72/zip"",""/protocolSection/contactsLocationsModule/locations/73/city"",""/protocolSection/contactsLocationsModule/locations/73/country"",""/protocolSection/contactsLocationsModule/locations/73/facility"",""/protocolSection/contactsLocationsModule/locations/73/geoPoint/lat"",""/protocolSection/contactsLocationsModule/locations/73/geoPoint/lon"",""/protocolSection/contactsLocationsModule/locations/73/status"",""/protocolSection/contactsLocationsModule/locations/73/zip"",""/protocolSection/contactsLocationsModule/locations/74/city"",""/protocolSection/contactsLocationsModule/locations/74/country"",""/protocolSection/contactsLocationsModule/locations/74/facility"",""/protocolSection/contactsLocationsModule/locations/74/geoPoint/lat"",""/protocolSection/contactsLocationsModule/locations/74/geoPoint/lon"",""/protocolSection/contactsLocationsModule/locations/74/status"",""/protocolSection/contactsLocationsModule/locations/74/zip"",""/protocolSection/contactsLocationsModule/locations/75/city"",""/protocolSection/contactsLocationsModule/locations/75/country"",""/protocolSection/contactsLocationsModule/locations/75/facility"",""/protocolSection/contactsLocationsModule/locations/75/geoPoint/lat"",""/protocolSection/contactsLocationsModule/locations/75/geoPoint/lon"",""/protocolSection/contactsLocationsModule/locations/75/status"",""/protocolSection/contactsLocationsModule/locations/75/zip"",""/protocolSection/contactsLocationsModule/locations/76/city"",""/protocolSection/contactsLocationsModule/locations/76/country"",""/protocolSection/contactsLocationsModule/locations/76/facility"",""/protocolSection/contactsLocationsModule/locations/76/geoPoint/lat"",""/protocolSection/contactsLocationsModule/locations/76/geoPoint/lon"",""/protocolSection/contactsLocationsModule/locations/76/state"",""/protocolSection/contactsLocationsModule/locations/76/status"",""/protocolSection/contactsLocationsModule/locations/76/zip"",""/protocolSection/contactsLocationsModule/locations/77/city"",""/protocolSection/contactsLocationsModule/locations/77/country"",""/protocolSection/contactsLocationsModule/locations/77/facility"",""/protocolSection/contactsLocationsModule/locations/77/geoPoint/lat"",""/protocolSection/contactsLocationsModule/locations/77/geoPoint/lon"",""/protocolSection/contactsLocationsModule/locations/77/state"",""/protocolSection/contactsLocationsModule/locations/77/status"",""/protocolSection/contactsLocationsModule/locations/77/zip"",""/protocolSection/contactsLocationsModule/locations/78"",""/protocolSection/contactsLocationsModule/locations/8/city"",""/protocolSection/contactsLocationsModule/locations/8/facility"",""/protocolSection/contactsLocationsModule/locations/8/geoPoint/lat"",""/protocolSection/contactsLocationsModule/locations/8/geoPoint/lon"",""/protocolSection/contactsLocationsModule/locations/8/state"",""/protocolSection/contactsLocationsModule/locations/8/status"",""/protocolSection/contactsLocationsModule/locations/8/zip"",""/protocolSection/contactsLocationsModule/locations/9/city"",""/protocolSection/contactsLocationsModule/locations/9/facility"",""/protocolSection/contactsLocationsModule/locations/9/geoPoint/lat"",""/protocolSection/contactsLocationsModule/locations/9/geoPoint/lon"",""/protocolSection/contactsLocationsModule/locations/9/state"",""/protocolSection/contactsLocationsModule/locations/9/status"",""/protocolSection/contactsLocationsModule/locations/9/zip"",""/protocolSection/statusModule/lastUpdatePostDateStruct/date"",""/protocolSection/statusModule/lastUpdateSubmitDate"",""/protocolSection/statusModule/overallStatus"",""/protocolSection/statusModule/statusVerifiedDate""]|b8ffa895bb76779a877626545bec73c2139e5150691fb695a29fd18755088237",low,NCT03197935,26,27,2019-10-07,administrative_contact_change,,6b89cf788ac53b302ffb1bf387c1385b37f6f57e9d73220667d088824390f95b,13
547,low-014,"NCT03197935|33|34|timeline_actual_date_correction|low|[""/protocolSection/contactsLocationsModule/locations/20/facility"",""/protocolSection/contactsLocationsModule/locations/20/zip"",""/protocolSection/contactsLocationsModule/locations/21/facility"",""/protocolSection/contactsLocationsModule/locations/26/zip"",""/protocolSection/contactsLocationsModule/locations/27/facility"",""/protocolSection/contactsLocationsModule/locations/57/city"",""/protocolSection/contactsLocationsModule/locations/57/geoPoint/lat"",""/protocolSection/contactsLocationsModule/locations/57/geoPoint/lon"",""/protocolSection/contactsLocationsModule/locations/61"",""/protocolSection/statusModule/lastUpdatePostDateStruct/date"",""/protocolSection/statusModule/lastUpdateSubmitDate"",""/protocolSection/statusModule/primaryCompletionDateStruct/date"",""/protocolSection/statusModule/statusVerifiedDate""]|eac1a8610839ebc1bce5c9be05b81ea2a8d5f165f4b292e90081e2b5100fdec4",low,NCT03197935,33,34,2020-07-27,timeline_actual_date_correction,,744d33df687db8e604989e81ba4f85b8e3ce4254d7314a17cd937afe69960373,14
600,low-015,"NCT05780567|0|1|timeline_minor_adjustment|low|[""/protocolSection/contactsLocationsModule/locations/0/status"",""/protocolSection/contactsLocationsModule/locations/1/status"",""/protocolSection/contactsLocationsModule/locations/2"",""/protocolSection/statusModule/lastUpdatePostDateStruct/date"",""/protocolSection/statusModule/lastUpdateSubmitDate"",""/protocolSection/statusModule/overallStatus"",""/protocolSection/statusModule/startDateStruct/date"",""/protocolSection/statusModule/startDateStruct/type""]|0bc77768593f9746f19e801262bd19132759f7738331e14d346b555068875d3d",low,NCT05780567,0,1,2023-04-19,timeline_minor_adjustment,,88df13e1a55a92e80e2adfee9cc159380becd70aa7c31d73a232d76105289b0b,15
608,low-016,"NCT06439771|1|2|administrative_contact_change|low|[""/protocolSection/contactsLocationsModule/centralContacts"",""/protocolSection/contactsLocationsModule/locations/0/contacts"",""/protocolSection/contactsLocationsModule/locations/0/status"",""/protocolSection/statusModule/lastUpdatePostDateStruct/date"",""/protocolSection/statusModule/lastUpdateSubmitDate"",""/protocolSection/statusModule/overallStatus""]|e5c071cbf485de5fed484b6f1165f251fb5d55303ff2e6c4c5a9193000b919ec",low,NCT06439771,1,2,2024-11-13,administrative_contact_change,,9c89eb4cd3ffc02080499042463a4159d219f6bcf06db5aebefe3bef2e30559d,16
563,low-017,"NCT03820063|1|2|timeline_minor_adjustment|low|[""/protocolSection/contactsLocationsModule/locations/0/status"",""/protocolSection/contactsLocationsModule/locations/1/status"",""/protocolSection/contactsLocationsModule/locations/10/city"",""/protocolSection/contactsLocationsModule/locations/10/contacts/0/name"",""/protocolSection/contactsLocationsModule/locations/10/contacts/1/name"",""/protocolSection/contactsLocationsModule/locations/10/facility"",""/protocolSection/contactsLocationsModule/locations/10/geoPoint/lat"",""/protocolSection/contactsLocationsModule/locations/10/geoPoint/lon"",""/protocolSection/contactsLocationsModule/locations/10/status"",""/protocolSection/contactsLocationsModule/locations/11/city"",""/protocolSection/contactsLocationsModule/locations/11/contacts/0/name"",""/protocolSection/contactsLocationsModule/locations/11/contacts/1/name"",""/protocolSection/contactsLocationsModule/locations/11/facility"",""/protocolSection/contactsLocationsModule/locations/11/geoPoint/lat"",""/protocolSection/contactsLocationsModule/locations/11/geoPoint/lon"",""/protocolSection/contactsLocationsModule/locations/11/status"",""/protocolSection/contactsLocationsModule/locations/12/city"",""/protocolSection/contactsLocationsModule/locations/12/contacts/0/name"",""/protocolSection/contactsLocationsModule/locations/12/contacts/1/name"",""/protocolSection/contactsLocationsModule/locations/12/facility"",""/protocolSection/contactsLocationsModule/locations/12/geoPoint/lat"",""/protocolSection/contactsLocationsModule/locations/12/geoPoint/lon"",""/protocolSection/contactsLocationsModule/locations/12/status"",""/protocolSection/contactsLocationsModule/locations/13/city"",""/protocolSection/contactsLocationsModule/locations/13/contacts/0/name"",""/protocolSection/contactsLocationsModule/locations/13/contacts/1/name"",""/protocolSection/contactsLocationsModule/locations/13/facility"",""/protocolSection/contactsLocationsModule/locations/13/geoPoint/lat"",""/protocolSection/contactsLocationsModule/locations/13/geoPoint/lon"",""/protocolSection/contactsLocationsModule/locations/13/status"",""/protocolSection/contactsLocationsModule/locations/14/city"",""/protocolSection/contactsLocationsModule/locations/14/contacts/0/name"",""/protocolSection/contactsLocationsModule/locations/14/contacts/1/name"",""/protocolSection/contactsLocationsModule/locations/14/facility"",""/protocolSection/contactsLocationsModule/locations/14/geoPoint/lat"",""/protocolSection/contactsLocationsModule/locations/14/geoPoint/lon"",""/protocolSection/contactsLocationsModule/locations/14/status"",""/protocolSection/contactsLocationsModule/locations/15/city"",""/protocolSection/contactsLocationsModule/locations/15/contacts/0/name"",""/protocolSection/contactsLocationsModule/locations/15/contacts/1/name"",""/protocolSection/contactsLocationsModule/locations/15/facility"",""/protocolSection/contactsLocationsModule/locations/15/geoPoint/lat"",""/protocolSection/contactsLocationsModule/locations/15/geoPoint/lon"",""/protocolSection/contactsLocationsModule/locations/15/status"",""/protocolSection/contactsLocationsModule/locations/16/city"",""/protocolSection/contactsLocationsModule/locations/16/contacts/0/name"",""/protocolSection/contactsLocationsModule/locations/16/contacts/1/name"",""/protocolSection/contactsLocationsModule/locations/16/facility"",""/protocolSection/contactsLocationsModule/locations/16/geoPoint/lat"",""/protocolSection/contactsLocationsModule/locations/16/geoPoint/lon"",""/protocolSection/contactsLocationsModule/locations/16/status"",""/protocolSection/contactsLocationsModule/locations/17/city"",""/protocolSection/contactsLocationsModule/locations/17/contacts/0/name"",""/protocolSection/contactsLocationsModule/locations/17/contacts/1/name"",""/protocolSection/contactsLocationsModule/locations/17/facility"",""/protocolSection/contactsLocationsModule/locations/17/geoPoint/lat"",""/protocolSection/contactsLocationsModule/locations/17/geoPoint/lon"",""/protocolSection/contactsLocationsModule/locations/17/status"",""/protocolSection/contactsLocationsModule/locations/18/city"",""/protocolSection/contactsLocationsModule/locations/18/contacts/0/name"",""/protocolSection/contactsLocationsModule/locations/18/contacts/1/name"",""/protocolSection/contactsLocationsModule/locations/18/facility"",""/protocolSection/contactsLocationsModule/locations/18/geoPoint/lat"",""/protocolSection/contactsLocationsModule/locations/18/geoPoint/lon"",""/protocolSection/contactsLocationsModule/locations/18/status"",""/protocolSection/contactsLocationsModule/locations/19/city"",""/protocolSection/contactsLocationsModule/locations/19/contacts/0/name"",""/protocolSection/contactsLocationsModule/locations/19/contacts/1/name"",""/protocolSection/contactsLocationsModule/locations/19/facility"",""/protocolSection/contactsLocationsModule/locations/19/geoPoint/lat"",""/protocolSection/contactsLocationsModule/locations/19/geoPoint/lon"",""/protocolSection/contactsLocationsModule/locations/19/status"",""/protocolSection/contactsLocationsModule/locations/2/status"",""/protocolSection/contactsLocationsModule/locations/20/city"",""/protocolSection/contactsLocationsModule/locations/20/contacts/0/name"",""/protocolSection/contactsLocationsModule/locations/20/contacts/1/name"",""/protocolSection/contactsLocationsModule/locations/20/facility"",""/protocolSection/contactsLocationsModule/locations/20/geoPoint/lat"",""/protocolSection/contactsLocationsModule/locations/20/geoPoint/lon"",""/protocolSection/contactsLocationsModule/locations/20/status"",""/protocolSection/contactsLocationsModule/locations/21/city"",""/protocolSection/contactsLocationsModule/locations/21/contacts/0/name"",""/protocolSection/contactsLocationsModule/locations/21/contacts/1/name"",""/protocolSection/contactsLocationsModule/locations/21/facility"",""/protocolSection/contactsLocationsModule/locations/21/geoPoint/lat"",""/protocolSection/contactsLocationsModule/locations/21/geoPoint/lon"",""/protocolSection/contactsLocationsModule/locations/21/status"",""/protocolSection/contactsLocationsModule/locations/22/city"",""/protocolSection/contactsLocationsModule/locations/22/contacts/0/name"",""/protocolSection/contactsLocationsModule/locations/22/contacts/1/name"",""/protocolSection/contactsLocationsModule/locations/22/facility"",""/protocolSection/contactsLocationsModule/locations/22/geoPoint/lat"",""/protocolSection/contactsLocationsModule/locations/22/geoPoint/lon"",""/protocolSection/contactsLocationsModule/locations/22/status"",""/protocolSection/contactsLocationsModule/locations/23/city"",""/protocolSection/contactsLocationsModule/locations/23/contacts/0/name"",""/protocolSection/contactsLocationsModule/locations/23/contacts/1/name"",""/protocolSection/contactsLocationsModule/locations/23/facility"",""/protocolSection/contactsLocationsModule/locations/23/geoPoint/lat"",""/protocolSection/contactsLocationsModule/locations/23/geoPoint/lon"",""/protocolSection/contactsLocationsModule/locations/23/status"",""/protocolSection/contactsLocationsModule/locations/24/city"",""/protocolSection/contactsLocationsModule/locations/24/contacts/0/name"",""/protocolSection/contactsLocationsModule/locations/24/contacts/1/name"",""/protocolSection/contactsLocationsModule/locations/24/facility"",""/protocolSection/contactsLocationsModule/locations/24/geoPoint/lat"",""/protocolSection/contactsLocationsModule/locations/24/geoPoint/lon"",""/protocolSection/contactsLocationsModule/locations/24/status"",""/protocolSection/contactsLocationsModule/locations/25/city"",""/protocolSection/contactsLocationsModule/locations/25/contacts/0/name"",""/protocolSection/contactsLocationsModule/locations/25/contacts/1/name"",""/protocolSection/contactsLocationsModule/locations/25/facility"",""/protocolSection/contactsLocationsModule/locations/25/geoPoint/lat"",""/protocolSection/contactsLocationsModule/locations/25/geoPoint/lon"",""/protocolSection/contactsLocationsModule/locations/25/status"",""/protocolSection/contactsLocationsModule/locations/26/city"",""/protocolSection/contactsLocationsModule/locations/26/contacts/0/name"",""/protocolSection/contactsLocationsModule/locations/26/contacts/1/name"",""/protocolSection/contactsLocationsModule/locations/26/facility"",""/protocolSection/contactsLocationsModule/locations/26/geoPoint/lat"",""/protocolSection/contactsLocationsModule/locations/26/geoPoint/lon"",""/protocolSection/contactsLocationsModule/locations/26/status"",""/protocolSection/contactsLocationsModule/locations/27/city"",""/protocolSection/contactsLocationsModule/locations/27/contacts/0/name"",""/protocolSection/contactsLocationsModule/locations/27/contacts/1/name"",""/protocolSection/contactsLocationsModule/locations/27/facility"",""/protocolSection/contactsLocationsModule/locations/27/geoPoint/lat"",""/protocolSection/contactsLocationsModule/locations/27/geoPoint/lon"",""/protocolSection/contactsLocationsModule/locations/27/status"",""/protocolSection/contactsLocationsModule/locations/28/city"",""/protocolSection/contactsLocationsModule/locations/28/contacts/0/name"",""/protocolSection/contactsLocationsModule/locations/28/contacts/1/name"",""/protocolSection/contactsLocationsModule/locations/28/facility"",""/protocolSection/contactsLocationsModule/locations/28/geoPoint/lat"",""/protocolSection/contactsLocationsModule/locations/28/geoPoint/lon"",""/protocolSection/contactsLocationsModule/locations/28/status"",""/protocolSection/contactsLocationsModule/locations/29/city"",""/protocolSection/contactsLocationsModule/locations/29/contacts/0/name"",""/protocolSection/contactsLocationsModule/locations/29/contacts/1/name"",""/protocolSection/contactsLocationsModule/locations/29/facility"",""/protocolSection/contactsLocationsModule/locations/29/geoPoint/lat"",""/protocolSection/contactsLocationsModule/locations/29/geoPoint/lon"",""/protocolSection/contactsLocationsModule/locations/29/status"",""/protocolSection/contactsLocationsModule/locations/3/status"",""/protocolSection/contactsLocationsModule/locations/30/city"",""/protocolSection/contactsLocationsModule/locations/30/contacts/0/name"",""/protocolSection/contactsLocationsModule/locations/30/contacts/1/name"",""/protocolSection/contactsLocationsModule/locations/30/facility"",""/protocolSection/contactsLocationsModule/locations/30/geoPoint/lat"",""/protocolSection/contactsLocationsModule/locations/30/geoPoint/lon"",""/protocolSection/contactsLocationsModule/locations/30/status"",""/protocolSection/contactsLocationsModule/locations/31/city"",""/protocolSection/contactsLocationsModule/locations/31/contacts/0/name"",""/protocolSection/contactsLocationsModule/locations/31/contacts/1/name"",""/protocolSection/contactsLocationsModule/locations/31/facility"",""/protocolSection/contactsLocationsModule/locations/31/geoPoint/lat"",""/protocolSection/contactsLocationsModule/locations/31/geoPoint/lon"",""/protocolSection/contactsLocationsModule/locations/31/status"",""/protocolSection/contactsLocationsModule/locations/32/city"",""/protocolSection/contactsLocationsModule/locations/32/contacts/0/name"",""/protocolSection/contactsLocationsModule/locations/32/contacts/1/name"",""/protocolSection/contactsLocationsModule/locations/32/facility"",""/protocolSection/contactsLocationsModule/locations/32/geoPoint/lat"",""/protocolSection/contactsLocationsModule/locations/32/geoPoint/lon"",""/protocolSection/contactsLocationsModule/locations/32/status"",""/protocolSection/contactsLocationsModule/locations/33/city"",""/protocolSection/contactsLocationsModule/locations/33/contacts/0/name"",""/protocolSection/contactsLocationsModule/locations/33/contacts/1/name"",""/protocolSection/contactsLocationsModule/locations/33/facility"",""/protocolSection/contactsLocationsModule/locations/33/geoPoint/lat"",""/protocolSection/contactsLocationsModule/locations/33/geoPoint/lon"",""/protocolSection/contactsLocationsModule/locations/33/status"",""/protocolSection/contactsLocationsModule/locations/34/city"",""/protocolSection/contactsLocationsModule/locations/34/contacts/0/name"",""/protocolSection/contactsLocationsModule/locations/34/contacts/1/name"",""/protocolSection/contactsLocationsModule/locations/34/facility"",""/protocolSection/contactsLocationsModule/locations/34/geoPoint/lat"",""/protocolSection/contactsLocationsModule/locations/34/geoPoint/lon"",""/protocolSection/contactsLocationsModule/locations/34/status"",""/protocolSection/contactsLocationsModule/locations/35/city"",""/protocolSection/contactsLocationsModule/locations/35/contacts/0/name"",""/protocolSection/contactsLocationsModule/locations/35/contacts/1/name"",""/protocolSection/contactsLocationsModule/locations/35/facility"",""/protocolSection/contactsLocationsModule/locations/35/geoPoint/lat"",""/protocolSection/contactsLocationsModule/locations/35/geoPoint/lon"",""/protocolSection/contactsLocationsModule/locations/35/status"",""/protocolSection/contactsLocationsModule/locations/36/city"",""/protocolSection/contactsLocationsModule/locations/36/contacts/0/name"",""/protocolSection/contactsLocationsModule/locations/36/contacts/1/name"",""/protocolSection/contactsLocationsModule/locations/36/facility"",""/protocolSection/contactsLocationsModule/locations/36/geoPoint/lat"",""/protocolSection/contactsLocationsModule/locations/36/geoPoint/lon"",""/protocolSection/contactsLocationsModule/locations/36/status"",""/protocolSection/contactsLocationsModule/locations/37/city"",""/protocolSection/contactsLocationsModule/locations/37/contacts/0/name"",""/protocolSection/contactsLocationsModule/locations/37/contacts/1/name"",""/protocolSection/contactsLocationsModule/locations/37/facility"",""/protocolSection/contactsLocationsModule/locations/37/geoPoint/lat"",""/protocolSection/contactsLocationsModule/locations/37/geoPoint/lon"",""/protocolSection/contactsLocationsModule/locations/37/status"",""/protocolSection/contactsLocationsModule/locations/38/city"",""/protocolSection/contactsLocationsModule/locations/38/contacts/0/name"",""/protocolSection/contactsLocationsModule/locations/38/contacts/1/name"",""/protocolSection/contactsLocationsModule/locations/38/facility"",""/protocolSection/contactsLocationsModule/locations/38/geoPoint/lat"",""/protocolSection/contactsLocationsModule/locations/38/geoPoint/lon"",""/protocolSection/contactsLocationsModule/locations/38/status"",""/protocolSection/contactsLocationsModule/locations/39/city"",""/protocolSection/contactsLocationsModule/locations/39/contacts/0/name"",""/protocolSection/contactsLocationsModule/locations/39/contacts/1/name"",""/protocolSection/contactsLocationsModule/locations/39/facility"",""/protocolSection/contactsLocationsModule/locations/39/geoPoint/lat"",""/protocolSection/contactsLocationsModule/locations/39/geoPoint/lon"",""/protocolSection/contactsLocationsModule/locations/39/status"",""/protocolSection/contactsLocationsModule/locations/4/status"",""/protocolSection/contactsLocationsModule/locations/40/city"",""/protocolSection/contactsLocationsModule/locations/40/contacts/0/name"",""/protocolSection/contactsLocationsModule/locations/40/contacts/1/name"",""/protocolSection/contactsLocationsModule/locations/40/facility"",""/protocolSection/contactsLocationsModule/locations/40/geoPoint/lat"",""/protocolSection/contactsLocationsModule/locations/40/geoPoint/lon"",""/protocolSection/contactsLocationsModule/locations/40/status"",""/protocolSection/contactsLocationsModule/locations/41"",""/protocolSection/contactsLocationsModule/locations/42"",""/protocolSection/contactsLocationsModule/locations/43"",""/protocolSection/contactsLocationsModule/locations/44"",""/protocolSection/contactsLocationsModule/locations/45"",""/protocolSection/contactsLocationsModule/locations/46"",""/protocolSection/contactsLocationsModule/locations/47"",""/protocolSection/contactsLocationsModule/locations/5/status"",""/protocolSection/contactsLocationsModule/locations/6/status"",""/protocolSection/contactsLocationsModule/locations/7/city"",""/protocolSection/contactsLocationsModule/locations/7/contacts/0/name"",""/protocolSection/contactsLocationsModule/locations/7/contacts/1/name"",""/protocolSection/contactsLocationsModule/locations/7/facility"",""/protocolSection/contactsLocationsModule/locations/7/geoPoint/lat"",""/protocolSection/contactsLocationsModule/locations/7/geoPoint/lon"",""/protocolSection/contactsLocationsModule/locations/7/status"",""/protocolSection/contactsLocationsModule/locations/8/city"",""/protocolSection/contactsLocationsModule/locations/8/contacts/0/name"",""/protocolSection/contactsLocationsModule/locations/8/contacts/1/name"",""/protocolSection/contactsLocationsModule/locations/8/facility"",""/protocolSection/contactsLocationsModule/locations/8/geoPoint/lat"",""/protocolSection/contactsLocationsModule/locations/8/geoPoint/lon"",""/protocolSection/contactsLocationsModule/locations/8/status"",""/protocolSection/contactsLocationsModule/locations/9/city"",""/protocolSection/contactsLocationsModule/locations/9/contacts/0/name"",""/protocolSection/contactsLocationsModule/locations/9/contacts/1/name"",""/protocolSection/contactsLocationsModule/locations/9/facility"",""/protocolSection/contactsLocationsModule/locations/9/geoPoint/lat"",""/protocolSection/contactsLocationsModule/locations/9/geoPoint/lon"",""/protocolSection/contactsLocationsModule/locations/9/status"",""/protocolSection/statusModule/lastUpdatePostDateStruct/date"",""/protocolSection/statusModule/lastUpdateSubmitDate"",""/protocolSection/statusModule/overallStatus"",""/protocolSection/statusModule/startDateStruct/date"",""/protocolSection/statusModule/startDateStruct/type"",""/protocolSection/statusModule/statusVerifiedDate""]|6094a10d60912d56b4cde92ab51cd2eb64a47da93498c492c0ca11ee85133786",low,NCT03820063,1,2,2019-03-28,timeline_minor_adjustment,,9f62aee6ba7ed6554a0cf5fd417768f5c08ebca55c20088b212f69ecbac30fc7,17
535,low-018,"NCT02942355|15|16|administrative_contact_change|low|[""/protocolSection/contactsLocationsModule/centralContacts"",""/protocolSection/contactsLocationsModule/locations/0/contacts"",""/protocolSection/contactsLocationsModule/locations/0/status"",""/protocolSection/statusModule/lastUpdatePostDateStruct/date"",""/protocolSection/statusModule/lastUpdateSubmitDate"",""/protocolSection/statusModule/overallStatus""]|66cea4ae8cec35102f1bde7636633fa0d90f7f3c7ad3cff40cf97a82bf384384",low,NCT02942355,15,16,2022-06-23,administrative_contact_change,,a001fb9c76db6541e868b836b8974cd9f2db9088cffe35960b14af129bda18eb,18
581,low-019,"NCT04754399|4|5|timeline_minor_adjustment|low|[""/protocolSection/statusModule/completionDateStruct/date"",""/protocolSection/statusModule/completionDateStruct/type"",""/protocolSection/statusModule/lastUpdatePostDateStruct/date"",""/protocolSection/statusModule/lastUpdateSubmitDate"",""/protocolSection/statusModule/overallStatus"",""/protocolSection/statusModule/primaryCompletionDateStruct/date"",""/protocolSection/statusModule/primaryCompletionDateStruct/type"",""/protocolSection/statusModule/statusVerifiedDate""]|41a175ded7df751ec6a71e774928f746737e81a86ffde7822621ea550b0c6481",low,NCT04754399,4,5,2023-11-28,timeline_minor_adjustment,,a8769ee45a2b6bf01234c549fa26ab3f80ccd6fd62776ec3b9940dfaa840a297,19
545,low-020,"NCT03197935|30|31|administrative_contact_change|low|[""/protocolSection/contactsLocationsModule/centralContacts"",""/protocolSection/contactsLocationsModule/locations/0/status"",""/protocolSection/contactsLocationsModule/locations/1/status"",""/protocolSection/contactsLocationsModule/locations/10/city"",""/protocolSection/contactsLocationsModule/locations/10/facility"",""/protocolSection/contactsLocationsModule/locations/10/geoPoint/lat"",""/protocolSection/contactsLocationsModule/locations/10/geoPoint/lon"",""/protocolSection/contactsLocationsModule/locations/10/state"",""/protocolSection/contactsLocationsModule/locations/10/status"",""/protocolSection/contactsLocationsModule/locations/10/zip"",""/protocolSection/contactsLocationsModule/locations/11/city"",""/protocolSection/contactsLocationsModule/locations/11/facility"",""/protocolSection/contactsLocationsModule/locations/11/geoPoint/lat"",""/protocolSection/contactsLocationsModule/locations/11/geoPoint/lon"",""/protocolSection/contactsLocationsModule/locations/11/state"",""/protocolSection/contactsLocationsModule/locations/11/status"",""/protocolSection/contactsLocationsModule/locations/11/zip"",""/protocolSection/contactsLocationsModule/locations/12/city"",""/protocolSection/contactsLocationsModule/locations/12/country"",""/protocolSection/contactsLocationsModule/locations/12/facility"",""/protocolSection/contactsLocationsModule/locations/12/geoPoint/lat"",""/protocolSection/contactsLocationsModule/locations/12/geoPoint/lon"",""/protocolSection/contactsLocationsModule/locations/12/state"",""/protocolSection/contactsLocationsModule/locations/12/status"",""/protocolSection/contactsLocationsModule/locations/12/zip"",""/protocolSection/contactsLocationsModule/locations/13/city"",""/protocolSection/contactsLocationsModule/locations/13/country"",""/protocolSection/contactsLocationsModule/locations/13/facility"",""/protocolSection/contactsLocationsModule/locations/13/geoPoint/lat"",""/protocolSection/contactsLocationsModule/locations/13/geoPoint/lon"",""/protocolSection/contactsLocationsModule/locations/13/state"",""/protocolSection/contactsLocationsModule/locations/13/status"",""/protocolSection/contactsLocationsModule/locations/13/zip"",""/protocolSection/contactsLocationsModule/locations/14/city"",""/protocolSection/contactsLocationsModule/locations/14/country"",""/protocolSection/contactsLocationsModule/locations/14/facility"",""/protocolSection/contactsLocationsModule/locations/14/geoPoint/lat"",""/protocolSection/contactsLocationsModule/locations/14/geoPoint/lon"",""/protocolSection/contactsLocationsModule/locations/14/state"",""/protocolSection/contactsLocationsModule/locations/14/status"",""/protocolSection/contactsLocationsModule/locations/14/zip"",""/protocolSection/contactsLocationsModule/locations/15/city"",""/protocolSection/contactsLocationsModule/locations/15/country"",""/protocolSection/contactsLocationsModule/locations/15/facility"",""/protocolSection/contactsLocationsModule/locations/15/geoPoint/lat"",""/protocolSection/contactsLocationsModule/locations/15/geoPoint/lon"",""/protocolSection/contactsLocationsModule/locations/15/state"",""/protocolSection/contactsLocationsModule/locations/15/status"",""/protocolSection/contactsLocationsModule/locations/15/zip"",""/protocolSection/contactsLocationsModule/locations/16/city"",""/protocolSection/contactsLocationsModule/locations/16/country"",""/protocolSection/contactsLocationsModule/locations/16/facility"",""/protocolSection/contactsLocationsModule/locations/16/geoPoint/lat"",""/protocolSection/contactsLocationsModule/locations/16/geoPoint/lon"",""/protocolSection/contactsLocationsModule/locations/16/state"",""/protocolSection/contactsLocationsModule/locations/16/status"",""/protocolSection/contactsLocationsModule/locations/16/zip"",""/protocolSection/contactsLocationsModule/locations/17/city"",""/protocolSection/contactsLocationsModule/locations/17/country"",""/protocolSection/contactsLocationsModule/locations/17/facility"",""/protocolSection/contactsLocationsModule/locations/17/geoPoint/lat"",""/protocolSection/contactsLocationsModule/locations/17/geoPoint/lon"",""/protocolSection/contactsLocationsModule/locations/17/state"",""/protocolSection/contactsLocationsModule/locations/17/status"",""/protocolSection/contactsLocationsModule/locations/17/zip"",""/protocolSection/contactsLocationsModule/locations/18/city"",""/protocolSection/contactsLocationsModule/locations/18/country"",""/protocolSection/contactsLocationsModule/locations/18/facility"",""/protocolSection/contactsLocationsModule/locations/18/geoPoint/lat"",""/protocolSection/contactsLocationsModule/locations/18/geoPoint/lon"",""/protocolSection/contactsLocationsModule/locations/18/state"",""/protocolSection/contactsLocationsModule/locations/18/status"",""/protocolSection/contactsLocationsModule/locations/18/zip"",""/protocolSection/contactsLocationsModule/locations/19/city"",""/protocolSection/contactsLocationsModule/locations/19/country"",""/protocolSection/contactsLocationsModule/locations/19/facility"",""/protocolSection/contactsLocationsModule/locations/19/geoPoint/lat"",""/protocolSection/contactsLocationsModule/locations/19/geoPoint/lon"",""/protocolSection/contactsLocationsModule/locations/19/state"",""/protocolSection/contactsLocationsModule/locations/19/status"",""/protocolSection/contactsLocationsModule/locations/19/zip"",""/protocolSection/contactsLocationsModule/locations/2/city"",""/protocolSection/contactsLocationsModule/locations/2/facility"",""/protocolSection/contactsLocationsModule/locations/2/geoPoint/lat"",""/protocolSection/contactsLocationsModule/locations/2/geoPoint/lon"",""/protocolSection/contactsLocationsModule/locations/2/state"",""/protocolSection/contactsLocationsModule/locations/2/status"",""/protocolSection/contactsLocationsModule/locations/2/zip"",""/protocolSection/contactsLocationsModule/locations/20/city"",""/protocolSection/contactsLocationsModule/locations/20/country"",""/protocolSection/contactsLocationsModule/locations/20/facility"",""/protocolSection/contactsLocationsModule/locations/20/geoPoint/lat"",""/protocolSection/contactsLocationsModule/locations/20/geoPoint/lon"",""/protocolSection/contactsLocationsModule/locations/20/state"",""/protocolSection/contactsLocationsModule/locations/20/status"",""/protocolSection/contactsLocationsModule/locations/20/zip"",""/protocolSection/contactsLocationsModule/locations/21/city"",""/protocolSection/contactsLocationsModule/locations/21/country"",""/protocolSection/contactsLocationsModule/locations/21/facility"",""/protocolSection/contactsLocationsModule/locations/21/geoPoint/lat"",""/protocolSection/contactsLocationsModule/locations/21/geoPoint/lon"",""/protocolSection/contactsLocationsModule/locations/21/state"",""/protocolSection/contactsLocationsModule/locations/21/status"",""/protocolSection/contactsLocationsModule/locations/21/zip"",""/protocolSection/contactsLocationsModule/locations/22/city"",""/protocolSection/contactsLocationsModule/locations/22/country"",""/protocolSection/contactsLocationsModule/locations/22/facility"",""/protocolSection/contactsLocationsModule/locations/22/geoPoint/lat"",""/protocolSection/contactsLocationsModule/locations/22/geoPoint/lon"",""/protocolSection/contactsLocationsModule/locations/22/state"",""/protocolSection/contactsLocationsModule/locations/22/status"",""/protocolSection/contactsLocationsModule/locations/22/zip"",""/protocolSection/contactsLocationsModule/locations/23/city"",""/protocolSection/contactsLocationsModule/locations/23/country"",""/protocolSection/contactsLocationsModule/locations/23/facility"",""/protocolSection/contactsLocationsModule/locations/23/geoPoint/lat"",""/protocolSection/contactsLocationsModule/locations/23/geoPoint/lon"",""/protocolSection/contactsLocationsModule/locations/23/state"",""/protocolSection/contactsLocationsModule/locations/23/status"",""/protocolSection/contactsLocationsModule/locations/23/zip"",""/protocolSection/contactsLocationsModule/locations/24/city"",""/protocolSection/contactsLocationsModule/locations/24/country"",""/protocolSection/contactsLocationsModule/locations/24/facility"",""/protocolSection/contactsLocationsModule/locations/24/geoPoint/lat"",""/protocolSection/contactsLocationsModule/locations/24/geoPoint/lon"",""/protocolSection/contactsLocationsModule/locations/24/state"",""/protocolSection/contactsLocationsModule/locations/24/status"",""/protocolSection/contactsLocationsModule/locations/24/zip"",""/protocolSection/contactsLocationsModule/locations/25/city"",""/protocolSection/contactsLocationsModule/locations/25/country"",""/protocolSection/contactsLocationsModule/locations/25/facility"",""/protocolSection/contactsLocationsModule/locations/25/geoPoint/lat"",""/protocolSection/contactsLocationsModule/locations/25/geoPoint/lon"",""/protocolSection/contactsLocationsModule/locations/25/state"",""/protocolSection/contactsLocationsModule/locations/25/status"",""/protocolSection/contactsLocationsModule/locations/25/zip"",""/protocolSection/contactsLocationsModule/locations/26/city"",""/protocolSection/contactsLocationsModule/locations/26/country"",""/protocolSection/contactsLocationsModule/locations/26/facility"",""/protocolSection/contactsLocationsModule/locations/26/geoPoint/lat"",""/protocolSection/contactsLocationsModule/locations/26/geoPoint/lon"",""/protocolSection/contactsLocationsModule/locations/26/state"",""/protocolSection/contactsLocationsModule/locations/26/status"",""/protocolSection/contactsLocationsModule/locations/26/zip"",""/protocolSection/contactsLocationsModule/locations/27/city"",""/protocolSection/contactsLocationsModule/locations/27/country"",""/protocolSection/contactsLocationsModule/locations/27/facility"",""/protocolSection/contactsLocationsModule/locations/27/geoPoint/lat"",""/protocolSection/contactsLocationsModule/locations/27/geoPoint/lon"",""/protocolSection/contactsLocationsModule/locations/27/state"",""/protocolSection/contactsLocationsModule/locations/27/status"",""/protocolSection/contactsLocationsModule/locations/27/zip"",""/protocolSection/contactsLocationsModule/locations/28/city"",""/protocolSection/contactsLocationsModule/locations/28/country"",""/protocolSection/contactsLocationsModule/locations/28/facility"",""/protocolSection/contactsLocationsModule/locations/28/geoPoint/lat"",""/protocolSection/contactsLocationsModule/locations/28/geoPoint/lon"",""/protocolSection/contactsLocationsModule/locations/28/state"",""/protocolSection/contactsLocationsModule/locations/28/status"",""/protocolSection/contactsLocationsModule/locations/28/zip"",""/protocolSection/contactsLocationsModule/locations/29/city"",""/protocolSection/contactsLocationsModule/locations/29/country"",""/protocolSection/contactsLocationsModule/locations/29/facility"",""/protocolSection/contactsLocationsModule/locations/29/geoPoint/lat"",""/protocolSection/contactsLocationsModule/locations/29/geoPoint/lon"",""/protocolSection/contactsLocationsModule/locations/29/state"",""/protocolSection/contactsLocationsModule/locations/29/status"",""/protocolSection/contactsLocationsModule/locations/29/zip"",""/protocolSection/contactsLocationsModule/locations/3/city"",""/protocolSection/contactsLocationsModule/locations/3/facility"",""/protocolSection/contactsLocationsModule/locations/3/geoPoint/lat"",""/protocolSection/contactsLocationsModule/locations/3/geoPoint/lon"",""/protocolSection/contactsLocationsModule/locations/3/state"",""/protocolSection/contactsLocationsModule/locations/3/status"",""/protocolSection/contactsLocationsModule/locations/3/zip"",""/protocolSection/contactsLocationsModule/locations/30/city"",""/protocolSection/contactsLocationsModule/locations/30/country"",""/protocolSection/contactsLocationsModule/locations/30/facility"",""/protocolSection/contactsLocationsModule/locations/30/geoPoint/lat"",""/protocolSection/contactsLocationsModule/locations/30/geoPoint/lon"",""/protocolSection/contactsLocationsModule/locations/30/state"",""/protocolSection/contactsLocationsModule/locations/30/status"",""/protocolSection/contactsLocationsModule/locations/30/zip"",""/protocolSection/contactsLocationsModule/locations/31/city"",""/protocolSection/contactsLocationsModule/locations/31/country"",""/protocolSection/contactsLocationsModule/locations/31/facility"",""/protocolSection/contactsLocationsModule/locations/31/geoPoint/lat"",""/protocolSection/contactsLocationsModule/locations/31/geoPoint/lon"",""/protocolSection/contactsLocationsModule/locations/31/state"",""/protocolSection/contactsLocationsModule/locations/31/status"",""/protocolSection/contactsLocationsModule/locations/31/zip"",""/protocolSection/contactsLocationsModule/locations/32/city"",""/protocolSection/contactsLocationsModule/locations/32/country"",""/protocolSection/contactsLocationsModule/locations/32/facility"",""/protocolSection/contactsLocationsModule/locations/32/geoPoint/lat"",""/protocolSection/contactsLocationsModule/locations/32/geoPoint/lon"",""/protocolSection/contactsLocationsModule/locations/32/state"",""/protocolSection/contactsLocationsModule/locations/32/status"",""/protocolSection/contactsLocationsModule/locations/32/zip"",""/protocolSection/contactsLocationsModule/locations/33/city"",""/protocolSection/contactsLocationsModule/locations/33/country"",""/protocolSection/contactsLocationsModule/locations/33/facility"",""/protocolSection/contactsLocationsModule/locations/33/geoPoint/lat"",""/protocolSection/contactsLocationsModule/locations/33/geoPoint/lon"",""/protocolSection/contactsLocationsModule/locations/33/state"",""/protocolSection/contactsLocationsModule/locations/33/status"",""/protocolSection/contactsLocationsModule/locations/33/zip"",""/protocolSection/contactsLocationsModule/locations/34/city"",""/protocolSection/contactsLocationsModule/locations/34/country"",""/protocolSection/contactsLocationsModule/locations/34/facility"",""/protocolSection/contactsLocationsModule/locations/34/geoPoint/lat"",""/protocolSection/contactsLocationsModule/locations/34/geoPoint/lon"",""/protocolSection/contactsLocationsModule/locations/34/state"",""/protocolSection/contactsLocationsModule/locations/34/status"",""/protocolSection/contactsLocationsModule/locations/34/zip"",""/protocolSection/contactsLocationsModule/locations/35/city"",""/protocolSection/contactsLocationsModule/locations/35/country"",""/protocolSection/contactsLocationsModule/locations/35/facility"",""/protocolSection/contactsLocationsModule/locations/35/geoPoint/lat"",""/protocolSection/contactsLocationsModule/locations/35/geoPoint/lon"",""/protocolSection/contactsLocationsModule/locations/35/state"",""/protocolSection/contactsLocationsModule/locations/35/status"",""/protocolSection/contactsLocationsModule/locations/35/zip"",""/protocolSection/contactsLocationsModule/locations/36/city"",""/protocolSection/contactsLocationsModule/locations/36/country"",""/protocolSection/contactsLocationsModule/locations/36/facility"",""/protocolSection/contactsLocationsModule/locations/36/geoPoint/lat"",""/protocolSection/contactsLocationsModule/locations/36/geoPoint/lon"",""/protocolSection/contactsLocationsModule/locations/36/state"",""/protocolSection/contactsLocationsModule/locations/36/status"",""/protocolSection/contactsLocationsModule/locations/36/zip"",""/protocolSection/contactsLocationsModule/locations/37/city"",""/protocolSection/contactsLocationsModule/locations/37/country"",""/protocolSection/contactsLocationsModule/locations/37/facility"",""/protocolSection/contactsLocationsModule/locations/37/geoPoint/lat"",""/protocolSection/contactsLocationsModule/locations/37/geoPoint/lon"",""/protocolSection/contactsLocationsModule/locations/37/state"",""/protocolSection/contactsLocationsModule/locations/37/status"",""/protocolSection/contactsLocationsModule/locations/37/zip"",""/protocolSection/contactsLocationsModule/locations/38/city"",""/protocolSection/contactsLocationsModule/locations/38/country"",""/protocolSection/contactsLocationsModule/locations/38/facility"",""/protocolSection/contactsLocationsModule/locations/38/geoPoint/lat"",""/protocolSection/contactsLocationsModule/locations/38/geoPoint/lon"",""/protocolSection/contactsLocationsModule/locations/38/state"",""/protocolSection/contactsLocationsModule/locations/38/status"",""/protocolSection/contactsLocationsModule/locations/38/zip"",""/protocolSection/contactsLocationsModule/locations/39/city"",""/protocolSection/contactsLocationsModule/locations/39/country"",""/protocolSection/contactsLocationsModule/locations/39/facility"",""/protocolSection/contactsLocationsModule/locations/39/geoPoint/lat"",""/protocolSection/contactsLocationsModule/locations/39/geoPoint/lon"",""/protocolSection/contactsLocationsModule/locations/39/state"",""/protocolSection/contactsLocationsModule/locations/39/status"",""/protocolSection/contactsLocationsModule/locations/39/zip"",""/protocolSection/contactsLocationsModule/locations/4/city"",""/protocolSection/contactsLocationsModule/locations/4/facility"",""/protocolSection/contactsLocationsModule/locations/4/geoPoint/lat"",""/protocolSection/contactsLocationsModule/locations/4/geoPoint/lon"",""/protocolSection/contactsLocationsModule/locations/4/state"",""/protocolSection/contactsLocationsModule/locations/4/status"",""/protocolSection/contactsLocationsModule/locations/4/zip"",""/protocolSection/contactsLocationsModule/locations/40/city"",""/protocolSection/contactsLocationsModule/locations/40/country"",""/protocolSection/contactsLocationsModule/locations/40/facility"",""/protocolSection/contactsLocationsModule/locations/40/geoPoint/lat"",""/protocolSection/contactsLocationsModule/locations/40/geoPoint/lon"",""/protocolSection/contactsLocationsModule/locations/40/state"",""/protocolSection/contactsLocationsModule/locations/40/status"",""/protocolSection/contactsLocationsModule/locations/40/zip"",""/protocolSection/contactsLocationsModule/locations/41/city"",""/protocolSection/contactsLocationsModule/locations/41/country"",""/protocolSection/contactsLocationsModule/locations/41/facility"",""/protocolSection/contactsLocationsModule/locations/41/geoPoint/lat"",""/protocolSection/contactsLocationsModule/locations/41/geoPoint/lon"",""/protocolSection/contactsLocationsModule/locations/41/state"",""/protocolSection/contactsLocationsModule/locations/41/status"",""/protocolSection/contactsLocationsModule/locations/41/zip"",""/protocolSection/contactsLocationsModule/locations/42/city"",""/protocolSection/contactsLocationsModule/locations/42/country"",""/protocolSection/contactsLocationsModule/locations/42/facility"",""/protocolSection/contactsLocationsModule/locations/42/geoPoint/lat"",""/protocolSection/contactsLocationsModule/locations/42/geoPoint/lon"",""/protocolSection/contactsLocationsModule/locations/42/state"",""/protocolSection/contactsLocationsModule/locations/42/status"",""/protocolSection/contactsLocationsModule/locations/42/zip"",""/protocolSection/contactsLocationsModule/locations/43/city"",""/protocolSection/contactsLocationsModule/locations/43/country"",""/protocolSection/contactsLocationsModule/locations/43/facility"",""/protocolSection/contactsLocationsModule/locations/43/geoPoint/lat"",""/protocolSection/contactsLocationsModule/locations/43/geoPoint/lon"",""/protocolSection/contactsLocationsModule/locations/43/state"",""/protocolSection/contactsLocationsModule/locations/43/status"",""/protocolSection/contactsLocationsModule/locations/43/zip"",""/protocolSection/contactsLocationsModule/locations/44/city"",""/protocolSection/contactsLocationsModule/locations/44/country"",""/protocolSection/contactsLocationsModule/locations/44/facility"",""/protocolSection/contactsLocationsModule/locations/44/geoPoint/lat"",""/protocolSection/contactsLocationsModule/locations/44/geoPoint/lon"",""/protocolSection/contactsLocationsModule/locations/44/state"",""/protocolSection/contactsLocationsModule/locations/44/status"",""/protocolSection/contactsLocationsModule/locations/44/zip"",""/protocolSection/contactsLocationsModule/locations/45/city"",""/protocolSection/contactsLocationsModule/locations/45/country"",""/protocolSection/contactsLocationsModule/locations/45/facility"",""/protocolSection/contactsLocationsModule/locations/45/geoPoint/lat"",""/protocolSection/contactsLocationsModule/locations/45/geoPoint/lon"",""/protocolSection/contactsLocationsModule/locations/45/state"",""/protocolSection/contactsLocationsModule/locations/45/status"",""/protocolSection/contactsLocationsModule/locations/45/zip"",""/protocolSection/contactsLocationsModule/locations/46/city"",""/protocolSection/contactsLocationsModule/locations/46/country"",""/protocolSection/contactsLocationsModule/locations/46/facility"",""/protocolSection/contactsLocationsModule/locations/46/geoPoint/lat"",""/protocolSection/contactsLocationsModule/locations/46/geoPoint/lon"",""/protocolSection/contactsLocationsModule/locations/46/status"",""/protocolSection/contactsLocationsModule/locations/46/zip"",""/protocolSection/contactsLocationsModule/locations/47/city"",""/protocolSection/contactsLocationsModule/locations/47/country"",""/protocolSection/contactsLocationsModule/locations/47/facility"",""/protocolSection/contactsLocationsModule/locations/47/geoPoint"",""/protocolSection/contactsLocationsModule/locations/47/status"",""/protocolSection/contactsLocationsModule/locations/47/zip"",""/protocolSection/contactsLocationsModule/locations/48/city"",""/protocolSection/contactsLocationsModule/locations/48/country"",""/protocolSection/contactsLocationsModule/locations/48/facility"",""/protocolSection/contactsLocationsModule/locations/48/geoPoint/lat"",""/protocolSection/contactsLocationsModule/locations/48/geoPoint/lon"",""/protocolSection/contactsLocationsModule/locations/48/status"",""/protocolSection/contactsLocationsModule/locations/48/zip"",""/protocolSection/contactsLocationsModule/locations/49/city"",""/protocolSection/contactsLocationsModule/locations/49/country"",""/protocolSection/contactsLocationsModule/locations/49/facility"",""/protocolSection/contactsLocationsModule/locations/49/geoPoint/lat"",""/protocolSection/contactsLocationsModule/locations/49/geoPoint/lon"",""/protocolSection/contactsLocationsModule/locations/49/status"",""/protocolSection/contactsLocationsModule/locations/49/zip"",""/protocolSection/contactsLocationsModule/locations/5/city"",""/protocolSection/contactsLocationsModule/locations/5/facility"",""/protocolSection/contactsLocationsModule/locations/5/geoPoint/lat"",""/protocolSection/contactsLocationsModule/locations/5/geoPoint/lon"",""/protocolSection/contactsLocationsModule/locations/5/state"",""/protocolSection/contactsLocationsModule/locations/5/status"",""/protocolSection/contactsLocationsModule/locations/5/zip"",""/protocolSection/contactsLocationsModule/locations/50/city"",""/protocolSection/contactsLocationsModule/locations/50/country"",""/protocolSection/contactsLocationsModule/locations/50/facility"",""/protocolSection/contactsLocationsModule/locations/50/geoPoint/lat"",""/protocolSection/contactsLocationsModule/locations/50/geoPoint/lon"",""/protocolSection/contactsLocationsModule/locations/50/status"",""/protocolSection/contactsLocationsModule/locations/50/zip"",""/protocolSection/contactsLocationsModule/locations/51/city"",""/protocolSection/contactsLocationsModule/locations/51/country"",""/protocolSection/contactsLocationsModule/locations/51/facility"",""/protocolSection/contactsLocationsModule/locations/51/geoPoint/lat"",""/protocolSection/contactsLocationsModule/locations/51/geoPoint/lon"",""/protocolSection/contactsLocationsModule/locations/51/status"",""/protocolSection/contactsLocationsModule/locations/51/zip"",""/protocolSection/contactsLocationsModule/locations/52/city"",""/protocolSection/contactsLocationsModule/locations/52/country"",""/protocolSection/contactsLocationsModule/locations/52/facility"",""/protocolSection/contactsLocationsModule/locations/52/geoPoint/lat"",""/protocolSection/contactsLocationsModule/locations/52/geoPoint/lon"",""/protocolSection/contactsLocationsModule/locations/52/status"",""/protocolSection/contactsLocationsModule/locations/52/zip"",""/protocolSection/contactsLocationsModule/locations/53/city"",""/protocolSection/contactsLocationsModule/locations/53/country"",""/protocolSection/contactsLocationsModule/locations/53/facility"",""/protocolSection/contactsLocationsModule/locations/53/geoPoint/lat"",""/protocolSection/contactsLocationsModule/locations/53/geoPoint/lon"",""/protocolSection/contactsLocationsModule/locations/53/status"",""/protocolSection/contactsLocationsModule/locations/53/zip"",""/protocolSection/contactsLocationsModule/locations/54/city"",""/protocolSection/contactsLocationsModule/locations/54/country"",""/protocolSection/contactsLocationsModule/locations/54/facility"",""/protocolSection/contactsLocationsModule/locations/54/geoPoint/lat"",""/protocolSection/contactsLocationsModule/locations/54/geoPoint/lon"",""/protocolSection/contactsLocationsModule/locations/54/status"",""/protocolSection/contactsLocationsModule/locations/54/zip"",""/protocolSection/contactsLocationsModule/locations/55/city"",""/protocolSection/contactsLocationsModule/locations/55/country"",""/protocolSection/contactsLocationsModule/locations/55/facility"",""/protocolSection/contactsLocationsModule/locations/55/geoPoint/lat"",""/protocolSection/contactsLocationsModule/locations/55/geoPoint/lon"",""/protocolSection/contactsLocationsModule/locations/55/status"",""/protocolSection/contactsLocationsModule/locations/55/zip"",""/protocolSection/contactsLocationsModule/locations/56/city"",""/protocolSection/contactsLocationsModule/locations/56/country"",""/protocolSection/contactsLocationsModule/locations/56/facility"",""/protocolSection/contactsLocationsModule/locations/56/geoPoint/lat"",""/protocolSection/contactsLocationsModule/locations/56/geoPoint/lon"",""/protocolSection/contactsLocationsModule/locations/56/state"",""/protocolSection/contactsLocationsModule/locations/56/status"",""/protocolSection/contactsLocationsModule/locations/56/zip"",""/protocolSection/contactsLocationsModule/locations/57/city"",""/protocolSection/contactsLocationsModule/locations/57/country"",""/protocolSection/contactsLocationsModule/locations/57/facility"",""/protocolSection/contactsLocationsModule/locations/57/geoPoint/lat"",""/protocolSection/contactsLocationsModule/locations/57/geoPoint/lon"",""/protocolSection/contactsLocationsModule/locations/57/state"",""/protocolSection/contactsLocationsModule/locations/57/status"",""/protocolSection/contactsLocationsModule/locations/57/zip"",""/protocolSection/contactsLocationsModule/locations/58/city"",""/protocolSection/contactsLocationsModule/locations/58/country"",""/protocolSection/contactsLocationsModule/locations/58/facility"",""/protocolSection/contactsLocationsModule/locations/58/geoPoint/lat"",""/protocolSection/contactsLocationsModule/locations/58/geoPoint/lon"",""/protocolSection/contactsLocationsModule/locations/58/state"",""/protocolSection/contactsLocationsModule/locations/58/status"",""/protocolSection/contactsLocationsModule/locations/58/zip"",""/protocolSection/contactsLocationsModule/locations/59/city"",""/protocolSection/contactsLocationsModule/locations/59/country"",""/protocolSection/contactsLocationsModule/locations/59/facility"",""/protocolSection/contactsLocationsModule/locations/59/geoPoint/lat"",""/protocolSection/contactsLocationsModule/locations/59/geoPoint/lon"",""/protocolSection/contactsLocationsModule/locations/59/status"",""/protocolSection/contactsLocationsModule/locations/59/zip"",""/protocolSection/contactsLocationsModule/locations/6/city"",""/protocolSection/contactsLocationsModule/locations/6/facility"",""/protocolSection/contactsLocationsModule/locations/6/geoPoint/lat"",""/protocolSection/contactsLocationsModule/locations/6/geoPoint/lon"",""/protocolSection/contactsLocationsModule/locations/6/state"",""/protocolSection/contactsLocationsModule/locations/6/status"",""/protocolSection/contactsLocationsModule/locations/6/zip"",""/protocolSection/contactsLocationsModule/locations/60/city"",""/protocolSection/contactsLocationsModule/locations/60/country"",""/protocolSection/contactsLocationsModule/locations/60/facility"",""/protocolSection/contactsLocationsModule/locations/60/geoPoint"",""/protocolSection/contactsLocationsModule/locations/60/status"",""/protocolSection/contactsLocationsModule/locations/60/zip"",""/protocolSection/contactsLocationsModule/locations/61/city"",""/protocolSection/contactsLocationsModule/locations/61/country"",""/protocolSection/contactsLocationsModule/locations/61/facility"",""/protocolSection/contactsLocationsModule/locations/61/geoPoint/lat"",""/protocolSection/contactsLocationsModule/locations/61/geoPoint/lon"",""/protocolSection/contactsLocationsModule/locations/61/state"",""/protocolSection/contactsLocationsModule/locations/61/status"",""/protocolSection/contactsLocationsModule/locations/61/zip"",""/protocolSection/contactsLocationsModule/locations/62/city"",""/protocolSection/contactsLocationsModule/locations/62/country"",""/protocolSection/contactsLocationsModule/locations/62/facility"",""/protocolSection/contactsLocationsModule/locations/62/geoPoint/lat"",""/protocolSection/contactsLocationsModule/locations/62/geoPoint/lon"",""/protocolSection/contactsLocationsModule/locations/62/status"",""/protocolSection/contactsLocationsModule/locations/62/zip"",""/protocolSection/contactsLocationsModule/locations/63/city"",""/protocolSection/contactsLocationsModule/locations/63/country"",""/protocolSection/contactsLocationsModule/locations/63/facility"",""/protocolSection/contactsLocationsModule/locations/63/geoPoint/lat"",""/protocolSection/contactsLocationsModule/locations/63/geoPoint/lon"",""/protocolSection/contactsLocationsModule/locations/63/status"",""/protocolSection/contactsLocationsModule/locations/63/zip"",""/protocolSection/contactsLocationsModule/locations/64/city"",""/protocolSection/contactsLocationsModule/locations/64/country"",""/protocolSection/contactsLocationsModule/locations/64/facility"",""/protocolSection/contactsLocationsModule/locations/64/geoPoint/lat"",""/protocolSection/contactsLocationsModule/locations/64/geoPoint/lon"",""/protocolSection/contactsLocationsModule/locations/64/status"",""/protocolSection/contactsLocationsModule/locations/64/zip"",""/protocolSection/contactsLocationsModule/locations/65/city"",""/protocolSection/contactsLocationsModule/locations/65/country"",""/protocolSection/contactsLocationsModule/locations/65/facility"",""/protocolSection/contactsLocationsModule/locations/65/geoPoint/lat"",""/protocolSection/contactsLocationsModule/locations/65/geoPoint/lon"",""/protocolSection/contactsLocationsModule/locations/65/status"",""/protocolSection/contactsLocationsModule/locations/65/zip"",""/protocolSection/contactsLocationsModule/locations/66/city"",""/protocolSection/contactsLocationsModule/locations/66/country"",""/protocolSection/contactsLocationsModule/locations/66/facility"",""/protocolSection/contactsLocationsModule/locations/66/geoPoint/lat"",""/protocolSection/contactsLocationsModule/locations/66/geoPoint/lon"",""/protocolSection/contactsLocationsModule/locations/66/status"",""/protocolSection/contactsLocationsModule/locations/66/zip"",""/protocolSection/contactsLocationsModule/locations/67/city"",""/protocolSection/contactsLocationsModule/locations/67/country"",""/protocolSection/contactsLocationsModule/locations/67/facility"",""/protocolSection/contactsLocationsModule/locations/67/geoPoint/lat"",""/protocolSection/contactsLocationsModule/locations/67/geoPoint/lon"",""/protocolSection/contactsLocationsModule/locations/67/status"",""/protocolSection/contactsLocationsModule/locations/67/zip"",""/protocolSection/contactsLocationsModule/locations/68/city"",""/protocolSection/contactsLocationsModule/locations/68/country"",""/protocolSection/contactsLocationsModule/locations/68/facility"",""/protocolSection/contactsLocationsModule/locations/68/geoPoint/lat"",""/protocolSection/contactsLocationsModule/locations/68/geoPoint/lon"",""/protocolSection/contactsLocationsModule/locations/68/status"",""/protocolSection/contactsLocationsModule/locations/68/zip"",""/protocolSection/contactsLocationsModule/locations/69/city"",""/protocolSection/contactsLocationsModule/locations/69/country"",""/protocolSection/contactsLocationsModule/locations/69/facility"",""/protocolSection/contactsLocationsModule/locations/69/geoPoint/lat"",""/protocolSection/contactsLocationsModule/locations/69/geoPoint/lon"",""/protocolSection/contactsLocationsModule/locations/69/status"",""/protocolSection/contactsLocationsModule/locations/69/zip"",""/protocolSection/contactsLocationsModule/locations/7/city"",""/protocolSection/contactsLocationsModule/locations/7/facility"",""/protocolSection/contactsLocationsModule/locations/7/geoPoint/lat"",""/protocolSection/contactsLocationsModule/locations/7/geoPoint/lon"",""/protocolSection/contactsLocationsModule/locations/7/state"",""/protocolSection/contactsLocationsModule/locations/7/status"",""/protocolSection/contactsLocationsModule/locations/7/zip"",""/protocolSection/contactsLocationsModule/locations/70/city"",""/protocolSection/contactsLocationsModule/locations/70/country"",""/protocolSection/contactsLocationsModule/locations/70/facility"",""/protocolSection/contactsLocationsModule/locations/70/geoPoint/lat"",""/protocolSection/contactsLocationsModule/locations/70/geoPoint/lon"",""/protocolSection/contactsLocationsModule/locations/70/status"",""/protocolSection/contactsLocationsModule/locations/70/zip"",""/protocolSection/contactsLocationsModule/locations/71"",""/protocolSection/contactsLocationsModule/locations/8/city"",""/protocolSection/contactsLocationsModule/locations/8/facility"",""/protocolSection/contactsLocationsModule/locations/8/geoPoint/lat"",""/protocolSection/contactsLocationsModule/locations/8/geoPoint/lon"",""/protocolSection/contactsLocationsModule/locations/8/state"",""/protocolSection/contactsLocationsModule/locations/8/status"",""/protocolSection/contactsLocationsModule/locations/8/zip"",""/protocolSection/contactsLocationsModule/locations/9/city"",""/protocolSection/contactsLocationsModule/locations/9/facility"",""/protocolSection/contactsLocationsModule/locations/9/geoPoint/lat"",""/protocolSection/contactsLocationsModule/locations/9/geoPoint/lon"",""/protocolSection/contactsLocationsModule/locations/9/state"",""/protocolSection/contactsLocationsModule/locations/9/status"",""/protocolSection/contactsLocationsModule/locations/9/zip"",""/protocolSection/statusModule/lastUpdatePostDateStruct/date"",""/protocolSection/statusModule/lastUpdateSubmitDate"",""/protocolSection/statusModule/overallStatus"",""/protocolSection/statusModule/statusVerifiedDate""]|d379c6f948ed0a3134aa2b2d49b5df5e839c1844d61061b7d657abce1f665781",low,NCT03197935,30,31,2020-01-06,administrative_contact_change,,b2ada0b01aa49031c86537c803a90d5f77531bd322f251d452426a38ea58fb50,20
